word,tmin,order,logfrqhal,sndpwr,phrases,bin
Alice,0.046,1,8.65,3.6215E-07,2,two
was,0.562721,2,14.56,3.8435E-09,1,one
beginning,0.784543,3,10.69,3.6865E-09,1,one
to,1.256929,4,16.35,3.9697E-09,1,one
get,1.352925,5,13.79,3.7747E-09,1,one
very,1.616327,6,13.28,4.0727E-09,1,one
tired,2.310749,7,9.86,3.6641E-09,2,two
of,2.799918,8,16.21,3.6231E-09,1,one
sitting,2.938712,9,10.08,3.9892E-09,1,one
by,3.30449,10,14.4,3.8321E-09,1,one
her,3.484082,11,13.3,4.2513E-09,1,one
sister,3.654596,12,9.75,3.8266E-09,2,two
on,4.106667,13,15.08,3.9676E-09,1,one
the,4.274286,14,16.96,3.9583E-09,1,one
bank,4.398799,15,12.88,3.9305E-09,8,three+
and,4.785961,16,16.19,3.8435E-09,1,one
of,4.908844,17,16.21,3.4868E-09,1,one
having,5.034329,18,12.03,3.6273E-09,1,one
nothing,5.435647,19,11.99,4.3142E-09,2,two
to,5.890613,20,16.35,3.7434E-09,1,one
do,6.051306,21,14.12,3.7962E-09,15,three+
once,7.147755,22,12.15,4.112E-09,1,one
or,7.380186,23,14.78,3.7316E-09,1,one
twice,7.4995,24,10.74,3.6962E-09,2,two
she,7.957925,25,13.1,3.9655E-09,2,two
peeped,8.261225,27,6.48,3.8228E-09,1,one
into,8.560545,28,13.24,4.0132E-09,1,one
the,8.776055,29,16.96,3.4724E-09,1,one
book,8.88381,30,12.16,3.963E-09,3,three+
her,9.231021,31,13.3,4.1766E-09,1,one
sister,9.31483,32,9.75,3.751E-09,2,two
was,9.709932,33,14.56,3.8532E-09,1,one
reading,9.961361,34,11.54,3.86E-09,1,one
but,10.811429,35,14.57,4.1365E-09,1,one
it,10.926947,36,15.37,4.0183E-09,2,two
had,11.014966,37,13.53,4.2754E-09,1,one
no,11.29034,38,13.96,3.7688E-09,1,one
pictures,11.422041,39,10.46,3.7696E-09,1,one
or,11.928449,40,14.78,3.6358E-09,1,one
conversations,12.033452,41,8.44,4.0744E-09,2,two
in,12.882923,42,15.9,3.9617E-09,1,one
it,13.013482,43,15.37,3.8718E-09,11,three+
and,13.777672,44,16.19,3.7422E-09,1,one
what,13.943927,45,14.1,3.5615E-09,2,two
’s,14.110704,46,15.68,3.9385E-09,1,one
the,14.226852,47,16.96,4.2914E-09,1,one
use,14.407012,48,13.43,4.0179E-09,2,two
of,14.726531,49,16.21,3.6337E-09,1,one
a,14.822313,50,16.18,3.9452E-09,1,one
book,15.034115,51,12.16,3.8397E-09,2,two
thought,15.430794,52,12.07,3.6886E-09,1,one
Alice,15.847213,53,8.65,3.5197E-09,5,three+
without,16.232225,54,12.45,3.6083E-09,1,one
pictures,16.567652,55,10.46,3.5104E-09,1,one
or,17.109154,56,14.78,3.8346E-09,1,one
conversation,17.266659,57,8.44,3.8435E-09,11,three+
So,19.526536,58,14.05,3.7008E-09,1,one
she,19.721958,59,13.1,3.7768E-09,2,two
was,19.926131,60,14.56,1.4583E-08,1,one
considering,20.17415,61,10.29,0.012323,1,one
in,20.928436,62,15.9,0.00017013,1,one
her,21.024218,63,13.3,0.012918,1,one
own,21.269652,64,12.56,0.0017603,1,one
mind,21.50313,65,11.78,0.0060602,7,three+
as,22.165075,66,14.79,0.014015,1,one
well,22.413062,67,13.22,0.0015584,1,one
as,22.641249,68,14.79,0.006255,2,two
she,22.736327,69,13.1,0.0058643,2,two
could,22.927891,70,13.21,0.000052977,1,one
for,23.382857,71,15.42,0.015868,1,one
the,23.51412,72,16.96,0.0081857,1,one
hot,23.598368,73,10.85,0.020678,1,one
day,23.897687,74,12.38,0.001269,5,three+
made,24.161089,75,12.51,0.0035437,1,one
her,24.364626,76,13.3,0.0016983,2,two
feel,24.483259,77,12,0.0082253,1,one
very,24.735783,78,13.28,0.000013203,1,one
sleepy,25.059048,79,7.09,0.0010982,1,one
and,25.541189,80,16.19,0.005671,1,one
stupid,25.680794,81,10.72,0.000011881,2,two
whether,26.878912,82,11.63,9.0654E-07,1,one
the,27.142313,83,16.96,3.0229E-06,1,one
pleasure,27.314162,84,9.73,0.0026486,2,two
of,27.776871,85,16.21,0.009104,1,one
making,27.884626,86,11.69,0.0035731,1,one
a,28.255783,87,16.18,2.8136E-06,1,one
daisy,28.376346,88,7.19,0.0081461,1,one
chain,28.818504,89,10.06,0.0010658,6,three+
would,29.297415,90,14.06,0.0018934,1,one
be,29.477007,91,14.95,0.0060536,1,one
worth,29.608708,92,11.31,0.000066212,10,three+
the,29.872109,93,16.96,0.0017416,1,one
trouble,29.95905,94,10.81,0.0006692,2,two
of,30.36463,95,16.21,0.00055254,1,one
getting,30.458776,96,11.99,1.0228E-06,1,one
up,30.840804,97,13.74,0.00011781,3,three+
and,31.021497,98,16.19,0.00049451,1,one
picking,31.177122,99,9.07,0.0034241,1,one
the,31.512381,100,16.96,0.000057993,1,one
daisies,31.586956,101,5.7,0.013625,6,three+
when,32.833264,102,13.76,0.00074419,2,two
suddenly,33.035638,103,9.96,0.0009193,2,two
a,34.074558,104,16.18,0.0038981,1,one
White,34.190765,105,11.92,0.0026644,1,one
Rabbit,34.565443,106,8.66,0.017017,2,two
with,34.972517,107,14.97,0.000083752,1,one
pink,35.140136,108,9.48,0.01633,1,one
eyes,35.511293,109,10.97,3.8635E-07,4,three+
ran,35.945261,110,10.34,0.00010213,1,one
close,36.157823,111,11.35,0.00072237,2,two
by,36.564898,112,14.4,0.00011419,1,one
her,36.768436,113,0,0.014636,11,three+
There,38.468572,114,14.09,4.3376E-07,2,two
was,38.632328,115,14.56,2.4958E-07,1,one
nothing,38.80381,116,11.99,2.8556E-07,2,two
so,39.174966,117,14.05,5.0908E-07,1,one
very,39.468477,118,13.28,6.6792E-07,1,one
remarkable,40.04898,119,8.36,0.017236,2,two
in,40.773225,120,14.5,0.017309,1,one
that,40.934966,121,15.48,0.0099405,6,three+
nor,41.820953,122,10.91,0.00037428,1,one
did,42.042964,123,12.85,8.2457E-07,1,one
Alice,42.204082,124,8.65,0.00012926,2,two
think,42.611157,125,13.39,0.0085044,1,one
it,42.802721,126,15.37,0.00051335,2,two
so,42.900757,127,14.05,0.0038045,1,one
very,43.133433,128,13.28,0.015229,2,two
much,43.473198,129,13.09,0.0077607,1,one
out,43.784524,130,13.9,0.013603,2,two
of,43.954431,131,16.21,0.00065942,1,one
the,44.059864,132,16.96,0.018301,1,one
way,44.155647,133,13.1,0.0081513,1,one
to,44.466939,134,16.35,0.0016697,1,one
hear,44.632655,135,11.41,0.0097849,1,one
the,44.802177,136,16.96,0.0069482,1,one
Rabbit,44.909932,137,8.66,0.0084911,2,two
say,45.258174,138,12.79,0.0082525,1,one
to,45.496599,139,16.35,0.0053049,1,one
itself,45.689575,140,11.24,0.0010399,15,three+
Oh,46.805793,141,11.64,2.2835E-06,2,two
dear,46.935658,142,10.29,0.017203,5,three+
Oh,47.651701,143,11.64,0.016817,2,two
dear,47.771429,144,10.29,0.018238,4,three+
I,48.307503,145,15.79,0.023727,2,two
shall,48.372361,146,11,0.0013869,1,one
be,48.573606,147,14.95,0.012924,1,one
late,48.718395,149,10.92,0.0027085,6,three+
when,50.06082,150,13.76,0.00065468,2,two
she,50.180945,151,13.1,0.012053,2,two
thought,50.361373,152,12.07,0.021723,1,one
it,50.602707,153,15.37,0.016463,2,two
over,50.724997,154,13.02,0.018549,2,two
afterwards,51.051973,155,8.92,0.0021969,5,three+
it,51.722449,156,15.37,0.019087,2,two
occurred,51.818232,157,9.388,0.016224,1,one
to,52.213334,158,16.35,0.000094983,1,one
her,52.333062,159,13.3,1.1057E-06,3,three+
that,52.553259,160,15.48,6.8221E-07,1,one
she,52.92836,161,13.1,0.018372,2,two
ought,53.150214,162,9.63,0.0097558,1,one
to,53.386667,163,16.35,0.015999,1,one
have,53.557126,164,14.92,0.0018126,1,one
wondered,53.793742,165,9.12,4.6876E-07,1,one
at,54.12898,166,14.5,0.007633,1,one
this,54.368436,167,14.99,0.01382,12,three+
but,54.691701,168,14.57,0.012424,1,one
at,54.823402,169,14.5,0.0065832,1,one
the,55.050885,170,16.96,0.0057508,1,one
time,55.146667,171,13.58,2.2591E-06,3,three+
it,55.626219,172,15.37,0.0078443,2,two
all,55.734441,173,14.35,0.0030614,2,two
seemed,55.885951,174,10.54,0.00021283,1,one
quite,56.195464,175,11.95,0.000083472,1,one
natural,56.439728,176,10.72,0.00048272,6,three+
but,0.479839572,177,14.57,4.1601E-09,1,one
when,0.592424402,178,13.76,4.2813E-09,2,two
the,0.810806402,179,16.96,3.6109E-09,1,one
Rabbit,0.912952402,180,8.66,4.0829E-09,2,two
actually,1.415810402,181,12.19,3.8481E-09,2,two
took,1.918667402,182,11.38,4.2653E-09,1,one
a,2.385605402,183,16.18,3.3935E-09,1,one
watch,2.557777402,184,10.95,3.8617E-09,2,two
out,3.211728402,185,13.9,3.8785E-09,2,two
of,3.431803402,186,16.21,4.0098E-09,1,one
its,3.595218402,187,12.87,3.925E-09,1,one
waistcoat,3.790771402,188,4.078,3.7962E-09,1,one
pocket,4.384907402,189,9.28,3.9583E-09,4,three+
and,5.637331402,190,16.19,3.8752E-09,1,one
looked,5.747717402,191,11.07,3.8811E-09,1,one
at,6.073224402,192,14.5,3.8123E-09,1,one
it,6.286257402,193,15.37,3.9875E-09,4,three+
and,6.887374402,194,16.19,3.9119E-09,1,one
then,6.992943402,195,13.47,4.0187E-09,2,two
hurried,7.150775402,196,6.41,3.7396E-09,1,one
on,7.541223402,197,15.08,3.6531E-09,6,three+
Alice,8.467782402,198,8.65,3.6725E-09,2,two
started,8.946694402,199,11.5,3.9317E-09,1,one
to,9.365741402,200,16.35,3.6957E-09,1,one
her,9.557306402,201,13.3,3.6176E-09,1,one
feet,9.696188402,202,10.6,3.7021E-09,3,three+
for,10.1080544,203,15.42,3.6096E-09,1,one
it,10.3256874,204,15.37,3.9199E-09,2,two
flashed,10.4425664,205,6.98,4.0765E-09,1,one
across,10.8503674,206,11.04,4.1897E-09,1,one
her,11.3053334,207,13.3,3.5104E-09,1,one
mind,11.3771704,208,11.78,3.9664E-09,3,three+
that,12.1913204,209,15.48,4.0727E-09,1,one
she,12.3150514,210,13.1,3.7388E-09,2,two
’d,12.4278374,211,13.53,3.7646E-09,1,one
never,12.5354954,212,12.62,3.4661E-09,2,two
before,12.9096874,213,12.75,3.7713E-09,2,two
seen,13.3209554,214,11.99,4.1508E-09,1,one
a,13.7505944,215,16.18,3.8486E-09,1,one
rabbit,13.8315924,216,8.66,3.952E-09,2,two
with,14.2027484,217,14.97,4.2986E-09,1,one
either,14.3713834,218,12.17,3.5564E-09,1,one
a,14.7563734,219,16.18,3.8726E-09,1,one
waistcoat,14.8570194,220,4.078,3.6932E-09,1,one
pocket,15.2922724,221,9.28,3.7684E-09,2,two
or,15.8430204,222,14.78,3.4369E-09,1,one
a,16.1249724,223,16.18,3.6349E-09,1,one
watch,16.1782584,224,10.95,3.5201E-09,4,three+
to,16.5853334,225,16.35,3.8123E-09,1,one
take,16.7050614,226,12.71,3.7152E-09,1,one
out,16.9804354,227,13.9,3.9769E-09,2,two
of,17.1816424,228,16.21,4.0314E-09,1,one
it,17.3169194,229,15.37,3.7675E-09,16,three+
and,18.0100954,230,16.19,3.93E-09,1,one
burning,18.2734974,231,9.2,3.6628E-09,1,one
with,18.6566264,232,14.97,3.8532E-09,1,one
curiosity,18.8172454,233,8.44,3.8072E-09,5,three+
she,20.0813884,234,13.1,0.000013485,2,two
ran,20.2968984,235,10.34,0.013633,1,one
across,20.5483274,236,11.04,0.0010092,1,one
the,20.9434294,237,16.96,0.0015001,1,one
field,21.0392114,238,11.29,0.0051709,3,three+
after,21.4103674,239,12.93,0.00026576,1,one
it,21.8665724,240,15.37,0.00016924,6,three+
and,22.4041094,241,16.19,0.00012202,1,one
fortunately,22.5977474,242,8.927,0.0069663,2,two
was,23.5894154,243,14.56,0.0086673,1,one
just,23.8647894,244,13.84,0.0094276,2,two
in,24.2479184,245,15.9,0.0030227,1,one
time,24.3796194,246,13.58,0.0062487,3,three+
to,24.6888614,247,16.35,0.002517,1,one
see,24.7866944,248,13.27,0.000027044,1,one
it,24.9782584,249,15.37,0.0025089,2,two
pop,25.1339054,250,10.04,0.001036,1,one
down,25.4691434,251,12.59,0.0017896,2,two
a,25.6916714,252,16.18,0.00007395,1,one
large,25.7988114,253,11.81,0.00056377,1,one
rabbit,26.1875104,254,8.66,0.0076346,1,one
hole,26.5227484,255,10.16,1.3146E-06,2,two
under,26.8220684,256,12.43,2.7121E-07,1,one
the,27.1009914,257,16.96,4.8925E-07,1,one
hedge,27.2092134,258,6.68,3.4645E-06,12,three+
In,28.6539054,259,15.9,0.0071053,1,one
another,28.8555384,260,12.56,0.0005125,1,one
moment,29.2764904,261,10.68,0.000078658,3,three+
down,29.8392114,262,12.59,0.002936,2,two
went,30.1744494,263,11.66,0.0051931,1,one
Alice,30.3537254,264,8.65,0.0014751,2,two
after,30.7611164,265,12.93,2.8572E-07,3,three+
it,31.1847124,266,15.37,0.0028263,2,two
never,31.7069664,267,12.62,0.000052523,1,one
once,31.9823404,268,12.15,0.0014084,2,two
considering,32.3775904,269,10.29,0.0019528,1,one
how,33.1915924,270,13.52,0.000237,2,two
in,33.4658944,271,15.9,1.0768E-06,1,one
the,33.5866944,272,16.96,6.9803E-07,1,one
world,33.6705034,273,12.6,1.3144E-06,3,three+
she,34.0775784,274,13.1,0.014709,2,two
was,34.2451974,275,14.56,0.0027114,1,one
to,34.4726804,276,16.35,0.0059143,1,one
get,34.5684634,277,13.79,0.021268,1,one
out,34.7251894,278,13.9,0.0019262,2,two
again,34.9359684,279,12.43,0.0038667,12,three+
The,36.4990384,280,16.96,0.01093,1,one
rabbit,36.5866974,281,8.66,0.0013607,1,one
hole,36.9630204,282,10.16,0.0005993,2,two
went,37.1545854,283,11.66,0.0013902,1,one
straight,37.3092894,284,10.66,0.000031187,1,one
on,37.6848174,285,15.08,0.0012281,1,one
like,37.8729524,286,13.87,0.0073876,1,one
a,38.0506054,287,16.18,0.0016081,1,one
tunnel,38.1270404,288,8.92,0.0016912,2,two
for,38.5314564,289,15.42,4.4581E-07,1,one
some,38.7110484,290,13.86,1.5536E-07,1,one
way,39.0103674,291,13.1,4.179E-07,6,three+
and,39.6090074,292,16.19,0.00026253,1,one
then,39.7885994,293,13.47,0.0047297,2,two
dipped,40.0041094,294,6.79,0.014125,1,one
suddenly,40.2555374,295,9.96,0.00014843,2,two
down,40.8422044,296,12.59,0.016401,6,three+
so,41.4528164,297,14.05,0.014058,1,one
suddenly,41.7985404,298,9.96,0.0012168,2,two
that,42.7219324,299,15.48,0.0063021,1,one
Alice,42.8468034,300,8.65,0.00061253,2,two
had,43.2607074,301,13.53,0.015707,1,one
not,43.4437824,302,14.77,0.000012924,1,one
a,43.6191014,303,16.18,0.0069789,1,one
moment,43.6677824,304,10.68,0.0030938,1,one
to,44.2065584,305,16.35,0.010055,1,one
think,44.2903674,306,13.39,0.0095879,1,one
about,44.5548144,307,14.08,0.00014451,1,one
stopping,44.8416004,308,8.88,0.00084285,1,one
herself,45.3433954,309,9.88,0.0094307,2,two
before,45.8588034,310,12.75,0.000063777,1,one
she,46.1940414,311,13.1,0.0012011,2,two
found,46.4215244,312,12.21,6.5962E-07,1,one
herself,46.6729524,313,9.88,5.6424E-06,2,two
falling,47.1039734,314,9.5,0.0039779,1,one
down,47.4631564,315,12.59,0.0012635,2,two
a,47.6700554,320,16.18,0.0010576,1,one
very,47.7624764,321,13.28,0.017534,1,one
deep,48.1934974,322,10.66,0.0015884,2,two
well,48.5287354,323,13.22,0.010318,17,three+
Either,50.2168984,324,12.17,0.015348,2,two
the,50.5641094,325,16.96,0.00035284,1,one
well,50.6958104,326,13.22,0.011229,2,two
was,50.9951294,327,14.56,0.00015194,1,one
very,51.1747214,328,13.28,0.00098233,1,one
deep,51.5339054,329,10.66,0.0021282,1,one
or,52.1325444,330,14.78,0.001793,1,one
she,52.1874444,331,13.1,0.00064553,2,two
fell,52.4438374,332,9.73,6.9672E-07,1,one
very,52.6592904,333,13.28,2.3697E-06,1,one
slowly,52.9445924,334,10.09,0.015133,2,two
for,54.0841094,335,15.42,4.9544E-07,1,one
she,54.2320244,336,13.1,0.022243,2,two
had,54.3954014,337,13.53,0.020147,1,one
plenty,54.5989394,338,10.03,0.000013516,2,two
of,55.1504224,339,16.21,0.000083953,1,one
time,55.3053334,340,13.58,0.000052566,10,three+
as,55.6284084,341,14.79,0.0093939,1,one
she,55.7602994,342,13.1,0.0030281,2,two
went,55.9398914,343,11.66,0.00022773,1,one
down,56.1793474,344,12.59,0.0016891,2,two
to,56.8617964,345,16.35,0.00086606,1,one
look,56.9934974,346,12.44,0.0017635,1,one
about,57.2449254,347,14.08,3.4027E-07,1,one
her,57.6156304,348,13.3,1.2992E-07,5,three+
and,57.8794834,349,16.19,6.6348E-07,1,one
to,58.0111844,350,16.35,3.5081E-07,1,one
wonder,58.1660754,351,10.86,3.9632E-07,1,one
what,58.5156304,352,14.1,2.9627E-06,2,two
was,58.6816604,353,14.56,0.019253,1,one
going,58.8612524,354,12.63,0.016235,1,one
to,59.1485994,355,16.35,0.013708,1,one
happen,59.2511584,356,11.1,0.0011269,1,one
next,59.6873744,357,12.14,0.016721,20,three+
First,0.478723402,358,13.16,4.3146E-09,2,two
she,0.986269787,359,13.1,3.99E-09,2,two
tried,1.201780787,360,11.69,3.7038E-09,1,one
to,1.501099787,361,16.35,3.9186E-09,1,one
look,1.604642787,362,12.44,3.8587E-09,1,one
down,1.836337787,363,12.59,3.9322E-09,3,three+
and,2.183548787,364,16.19,3.5332E-09,1,one
make,2.315249787,365,13.16,3.732E-09,1,one
out,2.602596787,366,13.9,4.1859E-09,2,two
what,2.842052787,367,14.1,3.9642E-09,2,two
she,2.961780787,368,13.1,4.1002E-09,2,two
was,3.143827787,369,14.56,3.7249E-09,1,one
coming,3.332936787,370,11.2,3.8836E-09,1,one
to,3.716065787,371,16.35,3.9465E-09,12,three+
but,4.506269787,372,14.57,3.5336E-09,1,one
it,4.611587787,373,15.37,4.1179E-09,2,two
was,4.721780787,374,14.56,3.5982E-09,1,one
too,4.889399787,375,12.87,3.5433E-09,1,one
dark,5.057018787,376,11.17,3.8338E-09,1,one
to,5.308446787,377,16.35,4.0364E-09,1,one
see,5.446654787,378,13.27,3.7662E-09,1,one
anything,5.695563787,379,12.28,4.3146E-09,10,three+
then,7.200147787,380,13.47,3.7498E-09,2,two
she,7.403684787,381,13.1,3.6827E-09,2,two
looked,7.667086787,382,11.07,3.3094E-09,1,one
at,7.913297787,383,14.5,3.849E-09,1,one
the,8.026269787,384,16.96,3.9495E-09,1,one
sides,8.110079787,385,10.03,3.9009E-09,2,two
of,8.487551787,386,16.21,3.689E-09,1,one
the,8.565045787,387,16.96,3.9604E-09,1,one
well,8.667198787,388,13.22,3.8861E-09,6,three+
and,9.522868787,389,16.19,4.2289E-09,1,one
noticed,9.679748787,390,10.53,3.7658E-09,1,one
that,10.07361679,391,15.48,3.9887E-09,1,one
they,10.20531779,392,14.3,4.2674E-09,2,two
were,10.33701879,393,13.41,3.9305E-09,1,one
filled,10.46871879,394,9.85,3.955E-09,1,one
with,10.80395679,395,14.97,3.6358E-09,1,one
cupboards,10.97157679,396,4.96,4.0086E-09,1,one
and,11.55766779,397,16.19,3.8486E-09,1,one
bookshelves,11.76178079,398,5.43,4.1601E-09,3,three+
here,14.07252879,399,13.08,3.6957E-09,1,one
and,14.32043479,400,16.19,4.1264E-09,1,one
there,14.47960379,401,14.09,4.047E-09,10,three+
she,14.75497779,402,13.1,3.6843E-09,2,two
saw,15.00640579,403,11.37,3.6632E-09,1,one
maps,15.24713779,404,9.36,3.7384E-09,1,one
and,15.78066979,405,16.19,4.1403E-09,1,one
pictures,15.90436579,406,10.46,3.4027E-09,2,two
hung,16.37130379,407,9.05,3.9773E-09,1,one
up,16.54214579,408,13.74,4.1863E-09,1,one
on,16.72362579,409,15.08,3.6725E-09,,FALSE
pegs,16.91007979,410,6.36,4.2319E-09,9,three+
She,18.27497779,411,13.1,3.4277E-09,2,two
took,18.45456979,412,11.38,3.7895E-09,1,one
down,18.69402479,413,12.59,4.2011E-09,1,one
a,18.96623079,414,16.18,4.1513E-09,1,one
jar,19.05320879,415,7.99,3.5775E-09,3,three+
from,19.47225679,416,14.45,4.0035E-09,1,one
one,19.63987579,417,14.17,3.754E-09,2,two
of,19.80749479,418,16.21,3.8507E-09,1,one
the,19.89130379,419,16.96,4.0647E-09,1,one
shelves,19.98708679,420,8.02,3.6886E-09,5,three+
as,20.45402479,421,14.79,0.0048712,1,one
she,20.52586179,422,13.1,0.0016884,2,two
passed,20.72939979,423,10.32,0.0046744,7,three+
it,21.66327679,424,15.37,0.00008836,2,two
was,21.80789779,425,14.56,0.00078336,1,one
labelled,22.00702479,426,7.84,0.013553,1,one
orange,22.57196479,427,9.51,0.0049817,1,one
marmalade,23.11249479,428,5.46,0.00077979,5,three+
but,24.33320879,429,14.57,0.0019241,1,one
to,24.46490979,430,16.35,0.00064713,1,one
her,24.54871879,431,13.3,0.008397,1,one
great,24.69239279,432,12.47,0.0029862,1,one
disappointment,25.04467379,433,7.72,0.00024316,3,three+
it,25.78191679,434,15.37,0.000068635,2,two
was,25.90463179,435,14.56,0.0012292,1,one
empty,26.10518179,436,9.87,0.0011824,6,three+
she,27.24259679,437,13.1,0.0005479,2,two
did,27.42218879,438,12.85,0.00043383,1,one
not,27.57783479,439,14.77,0.00015878,1,one
like,27.76956379,440,13.87,0.013993,1,one
to,27.93701879,441,16.35,0.0085925,1,one
drop,28.03280079,442,10.76,0.00011125,1,one
the,28.35606579,443,16.96,0.000034738,1,one
jar,28.45184879,444,7.99,0.0082082,2,two
for,28.70327679,445,15.42,0.0046493,1,one
fear,28.87089579,446,10.45,0.00055099,2,two
of,29.17021579,447,16.21,0.0040297,1,one
killing,29.24205279,448,10.06,0.00010007,1,one
somebody,29.61320879,449,10.42,0.0005745,11,three+
so,30.41538579,451,14.05,0.00095075,1,one
she,30.57975079,452,13.1,4.6153E-07,2,two
managed,30.75062379,453,10.01,2.7095E-07,1,one
to,31.20558979,454,16.35,0.0030462,1,one
put,31.28939979,455,12.32,0.00024222,1,one
it,31.48191579,456,15.37,0.015208,2,two
into,31.60636979,457,13.24,0.00038294,1,one
one,31.94790279,458,14.17,0.0038158,2,two
of,32.11244379,459,16.21,0.000061631,1,one
the,32.21130379,460,16.96,0.0032575,1,one
cupboards,32.30183079,461,4.96,0.0033788,6,three+
as,32.80994379,462,14.79,0.00073385,1,one
she,32.89375279,463,13.1,0.0016835,2,two
fell,33.09729079,464,9.73,0.0009721,1,one
past,33.31280079,465,11.4,7.6471E-06,1,one
it,33.74353779,466,15.37,5.8254E-07,13,three+
Well,35.74327679,467,13.22,2.6653E-06,2,two
thought,36.53985379,468,12.07,0.011199,2,two
Alice,36.69745379,469,8.65,0.000010845,1,one
to,37.12014779,470,16.35,0.0049814,1,one
herself,37.25262979,471,9.88,0.0066883,3,three+
after,37.91008579,472,12.93,0.0045501,1,one
such,38.25314779,473,12.82,0.00027327,1,one
a,38.52478379,474,16.18,1.8519E-07,2,two
fall,38.58082779,475,10.74,5.2555E-07,1,one
as,38.85445579,476,14.79,3.4896E-07,1,one
this,39.05973979,477,14.99,4.6856E-07,1,one
I,39.34469879,478,15.79,1.1204E-06,2,two
shall,39.40695079,479,11,3.2925E-06,1,one
think,39.61048779,480,13.39,0.00008206,1,one
nothing,39.88586179,481,11.99,0.0021367,2,two
of,40.47252879,482,16.21,0.003501,1,one
tumbling,40.55633779,483,6.31,0.011276,1,one
down,41.02327679,484,12.59,0.0091591,2,two
stairs,41.27470579,485,8.63,0.010431,16,three+
How,42.67552179,486,13.52,0.010418,1,one
brave,43.00499679,487,8.62,0.0013785,3,three+
they,43.52558979,488,14.3,0.0031125,2,two
ll,43.66323679,489,14.35,0.0078137,1,one
all,43.76783279,490,14.35,0.00014115,1,one
think,43.95661079,491,13.39,0.0026991,1,one
me,44.25592979,492,14.08,0.0042142,2,two
at,44.37565779,493,14.5,0.014602,1,one
home,44.51420779,494,12.16,0.0043352,7,three+
Why,45.42502979,495,12.8,0.0039353,2,two
I,45.72658979,496,15.79,0.0029195,2,two
would,45.81239279,497,14.06,0.0015144,1,one
nt,46.00234879,498,14.77,0.0046551,1,one
say,46.11171279,499,12.79,0.00048088,1,one
anything,46.32722279,500,12.28,0.000031971,2,two
about,46.81303279,501,14.08,7.0276E-06,1,one
it,47.10374579,502,15.37,0.0028388,3,three+
even,47.24876179,503,13.1,0.0012821,1,one
if,47.52689079,504,14.65,0.015838,1,one
I,47.68014779,505,15.79,0.0010475,2,two
fell,47.82382079,506,9.73,0.026726,1,one
off,48.07625279,507,12.65,0.017065,2,two
the,48.25484179,508,16.96,0.005761,1,one
top,48.36628679,509,11.67,0.023969,2,two
of,48.66191679,510,16.21,0.013894,1,one
the,48.74572579,511,16.96,0.0015072,1,one
house,48.86911379,512,11.55,0.0015688,2,two
Which,50.01484179,513,13.8,0.0098326,2,two
was,50.24312279,514,14.56,0.014386,1,one
very,50.42191679,515,13.28,0.021373,1,one
likely,50.68426379,516,11.18,0.016459,1,one
true,51.08674579,517,0,0.0020305,2,two
Down,52.75661079,518,12.59,2.0491E-06,1,one
down,53.76232479,519,12.59,0.0013283,2,two
down,54.89973979,520,12.59,0.0068535,19,three+
Would,55.98926379,521,14.06,0.00007792,1,one
the,56.08979379,522,16.96,0.0046525,1,one
fall,56.15689079,523,10.74,0.0022852,2,two
never,56.43225679,524,12.62,0.0048001,2,two
come,57.00927379,525,12.35,0.0017674,1,one
to,57.28232479,526,16.35,3.1751E-07,1,one
an,57.45149679,527,14.27,2.324E-07,1,one
end,57.59651379,528,12.33,1.577E-07,6,three+
I,58.81484179,529,15.79,0.0095794,2,two
wonder,58.99095979,530,10.86,0.016832,1,one
how,59.42545379,531,13.52,0.015379,1,one
many,59.71888679,532,13.07,0.021055,2,two
miles,59.94028379,533,10.48,0.014889,2,two
I,60.45575679,534,15.79,0.0014991,2,two
ve,60.56654879,535,14.92,0.00006166,1,one
fallen,60.64667879,536,9.87,0.0052772,1,one
by,61.05375279,537,14.4,0.0058902,1,one
this,61.26926379,538,14.99,0.0011037,1,one
time,61.59139379,539,13.58,4.5541E-06,9,three+
she,62.07143979,540,13.1,0.016164,2,two
said,62.26300479,541,12.77,0.013857,1,one
aloud,62.53837879,542,7.15,0.0034539,5,three+
must,0.398385787,544,12.63,4.245E-09,1,one
be,0.689427631,545,14.95,3.857E-09,1,one
getting,0.840937631,546,11.99,3.9596E-09,1,one
somewhere,1.126349631,547,10.71,3.6459E-09,2,two
near,1.542891631,548,11.27,3.8595E-09,1,one
the,1.772879631,549,16.96,3.9486E-09,1,one
center,1.844716631,550,11.38,3.9621E-09,2,two
of,2.251791631,551,16.21,3.7282E-09,1,one
the,2.347573631,552,16.96,3.3799E-09,1,one
earth,2.485197631,553,11.03,3.6062E-09,10,three+
Let,3.125805631,554,13.87,3.6181E-09,1,one
me,3.353288631,555,14.08,4.3041E-09,2,two
see,3.473015631,556,13.27,3.9997E-09,1,one
that,3.808254631,557,15.48,3.6653E-09,1,one
would,3.990834631,558,14.06,3.3943E-09,1,one
be,4.155464631,559,14.95,4.3054E-09,1,one
four,4.632185631,560,11.35,3.5184E-09,1,one
thousand,5.077369631,561,9.7,3.518E-09,2,two
miles,5.460498631,562,10.48,4.5029E-09,2,two
down,5.903492631,563,12.59,3.7738E-09,10,three+
I,6.262675631,564,15.79,3.8992E-09,2,two
think,6.346485631,565,13.39,3.7295E-09,4,three+
for,7.172607631,566,15.42,4.1196E-09,1,one
you,7.253283631,567,15.43,3.5438E-09,2,two
see,7.388559631,568,13.27,3.9292E-09,4,three+
Alice,7.699410631,569,8.65,3.8452E-09,2,two
had,8.094512631,570,13.53,3.567E-09,1,one
learnt,8.250158631,571,8.86,3.8338E-09,1,one
several,8.465668631,572,12.05,3.8853E-09,1,one
things,8.860771631,573,12.48,3.7586E-09,2,two
of,9.219954631,574,16.21,3.651E-09,1,one
this,9.339682631,575,14.99,3.6827E-09,1,one
sort,9.567165631,576,11.28,4.2374E-09,2,two
in,9.794648631,577,15.9,3.361E-09,1,one
her,9.926349631,578,13.3,3.9203E-09,1,one
lessons,10.08199563,579,12.24,3.6092E-09,6,three+
in,10.51044763,580,15.9,3.5463E-09,1,one
the,10.60879863,581,16.96,3.6856E-09,1,one
school,10.72852663,582,11.69,3.5923E-09,6,three+
room,11.11381763,583,11.35,3.8072E-09,,FALSE
and,11.74621363,584,16.19,4.0575E-09,1,one
though,11.95457563,585,12.2,3.7827E-09,1,one
this,12.06387963,586,14.99,3.9617E-09,2,two
was,12.28498863,587,14.56,3.5112E-09,1,one
not,12.44063463,588,14.77,3.9862E-09,1,one
a,12.64462563,589,16.18,3.7076E-09,1,one
very,12.75192763,590,13.28,3.6987E-09,1,one
good,13.24281163,591,13.35,4.5173E-09,2,two
opportunity,13.47324963,592,10.93,3.7181E-09,2,two
for,14.23655363,593,15.42,4.3501E-09,1,one
showing,14.41614563,594,10.12,4.0778E-09,1,one
off,14.85699863,595,12.65,4.4789E-09,2,two
her,15.11056663,596,13.3,3.6848E-09,1,one
knowledge,15.19437663,597,11.34,3.7105E-09,2,two
as,15.75709763,598,14.79,3.9022E-09,1,one
there,15.93668963,599,14.09,4.1082E-09,2,two
was,16.09233563,600,14.56,3.6708E-09,1,one
no,16.27192763,601,13.96,3.662E-09,1,one
one,16.43954663,602,14.17,3.8405E-09,1,one
to,16.58322063,603,16.35,3.529E-09,1,one
listen,16.77246763,604,10.43,4.1732E-09,1,one
to,17.08607763,605,16.35,3.8144E-09,1,one
her,17.28976663,606,13.3,4.0014E-09,18,three+
still,18.00798163,607,12.8,3.3124E-09,2,two
it,18.31422063,608,15.37,3.9537E-09,2,two
was,18.42702963,609,14.56,3.7067E-09,1,one
good,18.61859463,610,13.35,4.1694E-09,1,one
practice,18.79818563,611,10.7,3.735E-09,1,one
to,19.31301563,612,16.35,3.6501E-09,1,one
say,19.38505963,613,12.79,3.6189E-09,1,one
it,19.67375863,614,15.37,3.917E-09,2,two
over,19.78522663,615,13.02,3.5087E-09,10,three+
yes,20.63002263,616,12.19,0.0083014,2,two
that,21.12090763,617,15.48,0.0051777,2,two
s,21.36644463,618,15.68,0.00025722,1,one
about,21.43219963,619,14.08,0.0048753,1,one
the,21.71954663,620,16.96,0.00068065,1,one
right,21.81532863,621,12.87,0.00020265,1,one
distance,22.11464863,622,10.3,0.012936,5,three+
but,23.18022663,623,14.57,0.0025094,1,one
then,23.34784563,624,13.47,0.0045236,2,two
I,23.51076263,625,15.79,0.0088782,2,two
wonder,23.65036763,626,10.86,0.010988,1,one
what,24.00634963,627,14.1,0.000098449,2,two
Latitude,24.17712863,628,7.96,0.0034858,1,one
or,24.82182563,629,14.78,0.001102,1,one
Longitude,24.94022663,630,6.95,0.0021008,1,one
I,25.57799163,631,15.79,0.0048482,2,two
ve,25.70940763,632,14.92,9.0839E-06,1,one
got,25.77832263,633,12.61,0.00053058,1,one
to,26.11436663,634,16.35,0.0027197,11,three+
Alice,27.16716563,635,8.65,3.5915E-06,2,two
had,27.59113663,636,13.53,0.00016349,1,one
no,28.00526063,637,14.77,0.00015939,1,one
idea,28.35477763,640,11.8,0.0031293,2,two
what,28.68770963,641,14.1,0.0012287,2,two
Latitude,28.84335663,642,7.24,0.0026943,2,two
was,29.40607763,643,14.56,0.00041833,2,two
or,30.17233563,644,14.78,0.00048287,1,one
Longitude,30.31600963,645,6.95,0.0013651,1,one
either,30.89070263,646,12.17,0.011087,8,three+
but,31.93233563,647,14.57,0.0012685,1,one
thought,32.08798163,649,12.07,0.000088111,1,one
they,32.31546463,650,14.3,0.0002468,2,two
were,32.43519263,651,13.41,0.00043542,1,one
nice,32.55492063,652,11.64,0.013572,1,one
grand,32.89015863,653,10.01,0.00052213,1,one
words,33.27328863,654,11.51,9.7876E-07,2,two
to,33.70494363,655,16.35,4.7366E-07,1,one
say,33.81316563,656,12.79,0.0038942,13,three+
Presently,35.16498863,657,8.85,0.015392,2,two
she,35.61995463,658,13.1,7.5977E-07,2,two
began,35.85941063,659,10.61,0.00023085,1,one
again,36.26648563,660,12.43,0.0099424,4,three+
I,37.59546463,661,15.79,0.0040673,2,two
wonder,37.73208963,662,10.86,0.00040925,1,one
if,38.12817963,663,14.65,0.00070922,1,one
I,38.24181263,664,15.79,0.00027869,2,two
shall,38.40054563,665,11,2.1826E-07,1,one
fall,38.79274363,666,10.74,3.4899E-07,1,one
right,39.11600963,667,12.87,4.4166E-07,2,two
through,39.35546463,668,12.63,3.1624E-06,1,one
the,39.88226763,669,16.96,0.017201,1,one
earth,40.07216363,670,11.03,0.014891,11,three+
How,41.04362863,671,13.52,0.001891,2,two
funny,41.40281163,672,10.51,0.014011,2,two
it,41.69015863,673,15.37,0.0027324,2,two
ll,41.80957263,674,14.35,0.00086732,1,one
seem,41.92961463,675,11.71,0.000001587,1,one
to,42.24090763,676,16.35,0.00020651,1,one
come,42.33668963,677,12.35,0.00077736,1,one
out,42.57203263,678,13.9,0.014668,2,two
among,42.72981063,679,11.01,0.0005723,1,one
the,43.04308363,680,16.96,0.00016631,1,one
people,43.15083963,681,13.55,0.016347,2,two
that,43.66566863,682,15.48,0.00012035,2,two
walk,43.83328863,683,10.41,0.0057655,1,one
with,44.10866263,684,14.97,0.012342,1,one
their,44.25233563,685,14.09,0.011156,1,one
heads,44.41995463,686,9.79,0.0024348,3,three+
downward,44.81505663,687,6.49,0.006107,15,three+
The,46.10811763,688,16.96,0.0018758,1,one
Antipathies,46.25192363,689,4.47,0.000067371,2,two
I,47.24553263,690,15.79,0.015911,2,two
think,47.56879863,691,13.39,0.0060441,4,three+
she,48.95285963,692,13.1,0.00044664,2,two
was,49.10869863,693,14.56,0.0016615,1,one
rather,49.35274363,694,11.89,0.0007286,1,one
glad,49.69995463,695,10.15,0.015858,1,one
there,49.96335663,696,14.09,0.00416,2,two
was,50.09505663,697,14.56,0.0033461,1,one
no,50.44226763,698,13.96,0.0045485,1,one
one,50.56199563,699,14.17,0.027238,3,three+
listening,50.76290263,700,9.83,0.016865,1,one
this,51.24444463,701,14.99,0.014667,1,one
time,51.45995463,702,13.58,0.0019003,2,two
as,51.92689363,703,14.79,0.00024562,1,one
it,52.06513863,704,15.37,0.00169,2,two
did,52.20226763,705,12.85,0.000066063,1,one
nt,52.37652063,706,14.77,8.1772E-07,1,one
sound,52.48961463,707,11.71,4.3633E-07,1,one
at,52.87317663,708,14.5,0.0053171,1,one
all,52.97145863,709,14.35,0.016158,1,one
the,53.21995463,710,16.96,0.016077,1,one
right,53.33968263,711,12.87,0.011528,1,one
word,53.61505663,712,11.84,0.0018929,15,three+
but,55.17151963,713,14.57,2.1347E-06,1,one
I,55.23582963,714,15.79,0.000021872,2,two
shall,55.40110663,715,11,0.0069363,1,one
have,55.60253963,716,14.92,0.0087672,1,one
to,55.77015863,717,16.35,0.0028547,1,one
ask,55.92580563,718,11.84,0.000081656,1,one
them,56.21315163,719,13.59,0.000082865,2,two
what,56.38657763,720,14.1,0.0048287,2,two
the,56.57233563,721,16.96,0.000001936,1,one
name,56.73995463,722,12.6,0.0026065,2,two
of,56.96743763,723,16.21,0.0017559,1,one
the,57.03927463,724,16.96,0.00053851,1,one
country,57.11111163,725,11.58,2.6815E-06,4,three+
is,57.60199563,726,15.68,2.0435E-07,1,one
you,57.86539663,727,15.43,4.6495E-07,2,two
know,57.99709763,728,13.59,4.2736E-07,1,one
Please,59.03873063,729,13.27,0.00037003,3,three+
Maam,59.37396863,730,11.07,0.014848,14,three+
is,60.03247163,731,15.68,0.0089958,1,one
this,60.27228563,732,14.99,0.0021823,1,one
New,60.51457663,733,13.47,0.000069392,1,one
Zealand,60.62911563,734,9.54,0.0004129,2,two
or,61.23515563,735,14.78,0.00066775,1,one
Australia,61.40908963,736,10.48,1.0872E-06,6,three+
and,63.22920663,737,16.19,0.00076829,1,one
she,63.28054363,738,13.1,0.020902,2,two
tried,63.46866263,739,11.69,0.018578,1,one
to,63.74156763,740,16.35,0.00042315,1,one
curtsey,63.80390063,741,3.332,0.002134,1,one
as,64.32668563,742,14.79,0.0045577,1,one
she,64.41084863,743,13.1,0.0042915,2,two
spoke,64.56802363,744,9.44,0.001345,9,three+
fancy,65.36036263,745,8.9,0.00040319,1,one
curtseying,65.79138363,746,0,0.00028312,2,two
as,66.51241563,747,14.79,1.7638E-06,1,one
you,66.65526763,748,15.43,4.1508E-06,4,three+
re,66.73779663,749,14.91,1.1889E-06,1,one
falling,66.85223063,750,9.5,0.020505,1,one
through,67.25244963,751,12.63,0.0084423,1,one
the,67.44362863,752,16.96,5.4688E-06,1,one
air,67.65913863,753,11.3,6.0426E-06,7,three+
Do,68.03985163,754,14.12,0.011923,1,one
you,68.15456663,755,15.43,0.00001914,2,two
think,68.26278763,756,13.39,0.00001903,1,one
you,68.43736963,757,15.43,0.0050544,2,two
could,68.59301563,758,13.21,0.0097778,1,one
manage,68.76063463,759,9.8,0.018321,1,one
it,69.12991863,760,15.37,0.000033986,9,three+
And,0.561145631,761,16.19,4.0478E-09,1,one
what,0.689847173,762,14.1,3.9305E-09,2,two
an,0.936113173,763,14.27,4.2403E-09,1,one
ignorant,1.115705173,764,9.29,3.426E-09,1,one
little,1.618562173,765,12.57,3.8165E-09,1,one
girl,1.858018173,766,10.61,3.6902E-09,3,three+
she,2.107547173,767,13.1,4.0909E-09,2,two
ll,2.220976173,768,14.35,3.8608E-09,1,one
think,2.312984173,769,13.39,3.7696E-09,1,one
me,2.528494173,770,14.08,3.8562E-09,2,two
for,2.648222173,771,15.42,3.8912E-09,1,one
asking,2.847481173,772,10.92,3.5982E-09,10,three+
No,4.108902173,773,13.96,3.8562E-09,2,two
it,4.527950173,774,15.37,3.8405E-09,2,two
ll,4.666011173,775,14.35,3.4399E-09,1,one
never,4.803324173,776,12.62,3.5678E-09,2,two
do,5.126589173,777,14.12,3.5087E-09,1,one
to,5.261374173,778,16.35,3.7548E-09,1,one
ask,5.371760173,779,11.84,4.3193E-09,8,three+
perhaps,6.383732173,780,11.6,3.917E-09,2,two
I,6.833959173,781,15.79,3.8866E-09,2,two
shall,6.910535173,782,11,4.1639E-09,1,one
see,7.113220173,783,13.27,4.299E-09,1,one
it,7.305637173,784,15.37,3.2229E-09,2,two
written,7.437338173,785,11.55,3.6033E-09,1,one
up,7.704109173,786,13.74,3.8857E-09,1,one
somewhere,7.877263173,787,10.71,3.857E-09,8,three+
Down,9.664277173,788,12.59,3.7358E-09,2,two
down,10.26291617,789,12.59,4.0364E-09,2,two
down,10.81366417,790,12.59,4.1293E-09,4,three+
There,11.98699817,791,14.09,3.8038E-09,2,two
was,12.15461717,792,14.56,4.3248E-09,1,one
nothing,12.32223617,793,11.99,3.6007E-09,2,two
else,12.71894017,794,12.08,3.5606E-09,2,two
to,13.01979617,795,16.35,3.3082E-09,1,one
do,13.13638517,796,14.12,4.1445E-09,1,one
so,13.45965117,797,14.05,3.6987E-09,1,one
Alice,13.66318817,798,8.65,3.7717E-09,2,two
soon,14.08223617,799,11.41,3.7612E-09,2,two
began,14.32169217,800,10.61,3.4817E-09,1,one
talking,14.64495717,801,11.27,3.9148E-09,1,one
again,15.19176917,802,12.43,3.7789E-09,13,three+
Dinah,16.79702417,803,13.065272,4.2201E-09,2,two
ll,17.12403517,804,14.35,3.819E-09,1,one
miss,17.31648717,805,10.34,3.99E-09,1,one
me,17.64764417,806,14.08,4.0077E-09,2,two
very,17.80577317,807,13.28,4.0407E-09,1,one
much,18.18890217,808,13.09,3.93E-09,1,one
tonight,18.56005917,809,9.5,3.9178E-09,5,three+
I,18.92607117,810,15.79,4.0233E-09,2,two
should,19.00305217,811,13.3,3.7304E-09,1,one
think,19.31350417,812,13.39,3.5948E-09,5,three+
Dinah,20.90959317,813,13.065272,0.0028478,2,two
was,21.25590217,814,14.56,0.0059876,1,one
the,21.48749517,815,16.96,0.01169,1,one
cat,21.59138817,816,10.56,0.00066234,5,three+
I,23.12299917,817,15.79,0.00051769,2,two
hope,23.22256217,818,11.92,0.0020416,1,one
they,23.45848517,819,14.3,0.016726,2,two
ll,23.56870017,820,14.35,0.0085507,1,one
remember,23.64895517,821,11.87,0.021021,1,one
her,24.04359617,822,13.3,0.0017708,1,one
saucer,24.15261217,823,7.15,0.0047144,2,two
of,24.61147117,824,16.21,0.0040673,1,one
milk,24.73801817,825,9.63,0.00043917,4,three+
at,25.07249417,826,14.5,0.0007195,1,one
tea,25.18504417,827,9.07,0.0023069,1,one
time,25.48033117,828,13.58,0.0018477,10,three+
Dinah,26.76141917,829,13.065272,3.2153E-07,2,two
my,27.09665817,830,14.39,2.9682E-07,1,one
dear,27.26427717,831,10.29,0.0099399,3,three+
I,27.51271417,832,15.79,0.0042152,2,two
wish,27.59951517,833,11.22,0.00028393,1,one
you,27.92278017,834,15.43,0.0042196,2,two
were,28.03053517,835,13.41,0.00016118,1,one
down,28.13829017,836,12.59,0.00054226,1,one
here,28.47352817,837,13.08,0.00088646,2,two
with,28.66509317,838,14.97,0.0049982,1,one
me,29.01230417,839,14.08,0.0031784,9,three+
There,29.89829017,840,14.09,0.0036409,2,two
are,30.06590917,841,14.91,0.0035921,1,one
no,30.10182817,842,13.96,0.0054044,1,one
mice,30.34671017,843,8.34,0.0013035,2,two
in,30.73638517,844,15.9,2.6461E-07,1,one
the,30.82019517,845,16.96,5.7279E-07,1,one
air,30.97584117,846,11.3,0.0063445,6,three+
I,31.20165917,847,15.79,0.0047709,2,two
m,31.26007417,848,13.213,0.00020347,1,one
afraid,31.34018317,849,10.06,0.0024108,5,three+
but,31.75407217,850,14.57,0.0010298,1,one
you,31.96958317,851,15.43,0.0017642,2,two
might,32.06536517,852,12.53,0.00074939,1,one
catch,32.33718017,853,10.03,0.00018698,1,one
a,32.58019517,854,16.18,0.013868,1,one
bat,32.65203217,855,8.77,0.0022159,5,three+
and,33.74155517,856,16.19,4.3827E-07,1,one
that,33.84931117,857,15.48,0.0062813,2,two
s,34.00050617,858,15.68,0.01046,1,one
very,34.10073917,859,13.28,0.0069052,1,one
like,34.37743117,860,13.87,0.011631,1,one
a,34.69127317,861,16.18,0.0026331,1,one
mouse,34.74727017,862,10.54,0.0028719,7,three+
you,35.16631717,863,15.43,0.021392,2,two
know,35.25538517,864,13.59,0.0045363,5,three+
But,36.35162417,865,14.57,0.0029726,1,one
do,36.51924317,866,14.12,0.010612,1,one
cats,36.62699817,867,9.78,0.000065071,2,two
eat,37.15380017,868,10.48,0.0050036,1,one
bats,37.40522917,869,8.26,0.0066336,2,two
I,37.79375817,870,15.79,0.006472,1,one
wonder,37.86302017,871,10.86,0.0058543,6,three+
And,39.51244017,872,16.19,6.8788E-07,1,one
here,39.71597717,873,13.08,0.018541,2,two
Alice,39.96740617,874,8.65,0.015286,2,two
began,40.43434517,875,10.61,0.0034492,1,one
to,40.82944717,876,16.35,0.015608,1,one
get,40.94917517,877,13.79,0.010197,1,one
rather,41.15271217,878,11.89,0.0064945,1,one
sleepy,41.40025117,879,7.09,0.01565,7,three+
and,42.38590917,880,16.19,0.00044026,1,one
went,42.55092317,881,11.66,0.014001,1,one
on,42.81693017,882,15.08,0.00076211,1,one
saying,43.00849417,883,11.47,0.000016677,1,one
to,43.42754217,884,16.35,0.000013544,1,one
herself,43.58318817,885,9.88,0.003345,3,three+
in,44.13393617,886,15.9,0.012856,1,one
a,44.21774617,887,16.18,0.0043455,1,one
dreamy,44.27761017,888,6.33,0.010405,1,one
sort,44.64876617,889,11.28,0.0034708,2,two
of,44.91805217,890,16.21,0.014415,1,one
way,45.09176017,891,13.1,0.0080395,12,three+
Do,45.91788217,892,14.12,0.0058476,1,one
cats,46.06006617,893,9.78,0.000043093,2,two
eat,46.48862317,894,10.48,2.4843E-06,1,one
bats,46.68414117,895,8.26,8.9148E-06,5,three+
Do,47.54618117,896,14.12,0.022287,1,one
cats,47.66590917,897,9.78,0.0028144,2,two
eat,48.07298417,898,10.48,0.013342,1,one
bats,48.30372817,899,8.26,0.016981,5,three+
and,49.13856217,900,16.19,0.0016543,1,one
sometimes,49.29685017,901,11.32,8.4461E-06,2,two
Do,50.07342517,902,14.12,0.00047278,1,one
bats,50.22493517,903,8.26,0.01166,2,two
eat,50.54743517,904,10.48,0.00035475,1,one
cats,50.72426417,905,9.78,0.021824,7,three+
for,51.94933017,906,15.42,0.00025204,1,one
you,52.06188017,907,15.43,0.0028051,2,two
see,52.15258617,908,13.27,0.0012799,4,three+
as,52.55080717,909,14.79,4.2888E-07,1,one
she,52.68250817,910,13.1,3.3682E-06,2,two
could,52.86210017,911,13.21,2.8391E-06,1,one
nt,53.06778617,912,14.77,0.012426,1,one
answer,53.20374417,913,11.6,0.014461,1,one
either,53.68822217,914,12.17,0.0014475,1,one
question,54.05937917,915,12.12,3.0471E-07,6,three+
it,54.89747417,916,15.37,0.0079575,2,two
did,55.07706617,917,12.85,0.0079033,1,one
nt,55.27152717,918,14.77,0.000023328,1,one
much,55.40033117,919,13.09,0.0097613,2,two
matter,55.61174417,920,11.61,0.0091627,1,one
which,55.97502517,921,13.8,0.00027641,1,one
way,56.19053517,922,13.1,0.00095704,2,two
she,56.33420917,923,13.1,0.003935,2,two
put,56.54971917,924,12.32,0.00012247,1,one
it,56.80114717,925,15.37,0.0020645,9,three+
She,57.93856217,926,13.1,2.4495E-07,2,two
felt,58.13012717,927,10.82,9.0756E-07,1,one
that,58.35761017,928,15.48,5.0568E-07,1,one
she,58.50128317,929,13.1,7.4787E-06,2,two
was,58.71679417,930,14.56,0.018692,1,one
dozing,58.93230417,931,5.09,0.01645,1,one
off,59.36332417,932,12.65,0.015176,7,three+
and,59.68658917,933,16.19,0.022255,1,one
had,59.85420917,934,13.53,0.010562,1,one
just,60.03380017,935,13.84,0.011641,2,two
begun,60.41693017,936,8.9,0.0018275,1,one
to,60.81203217,937,16.35,0.0028681,1,one
dream,60.91978717,938,10.39,0.0038499,1,one
that,61.26699817,939,15.48,0.00066761,1,one
she,61.38672617,940,13.1,1.4128E-06,2,two
was,61.59026317,941,14.56,3.4315E-06,1,one
walking,61.75788217,942,9.83,1.1669E-06,1,one
hand,62.17693017,943,11.73,0.01459,2,two
in,62.51541617,944,15.9,0.0024217,1,one
hand,62.64386817,945,11.73,0.00006998,4,three+
with,62.95516117,946,14.97,0.0007475,1,one
Dinah,63.13475317,947,12.85,0.015574,4,three+
and,63.94890217,948,16.19,0.0022308,1,one
saying,64.08588317,950,11.47,0.0006819,1,one
to,64.54754217,951,16.35,0.00012278,1,one
her,64.69121517,952,13.3,0.0011374,1,one
very,64.85883417,953,13.28,0.012498,1,one
earnestly,65.31380017,954,5.79,0.00038683,16,three+
Now,0.323245298,955,13.3,3.952E-09,2,two
Dinah,0.568708743,956,12.85,4.2306E-09,1,one
tell,1.039808743,957,12.21,3.5628E-09,1,one
me,1.422937743,958,14.08,4.2598E-09,2,two
the,1.590556743,959,16.96,3.7937E-09,1,one
truth,1.730401743,960,10.87,3.5374E-09,6,three+
did,2.380761743,961,12.85,3.5636E-09,1,one
you,2.600501743,962,15.43,4.2011E-09,2,two
ever,2.847699743,963,12.07,3.6197E-09,2,two
eat,3.206883743,964,10.48,3.8984E-09,1,one
a,3.379041743,965,16.18,4.3877E-09,1,one
bat,3.534880743,966,8.77,4.2754E-09,6,three+
when,4.739400743,967,13.76,4.0449E-09,2,two
suddenly,4.967131743,968,9.96,3.5805E-09,4,three+
thump,5.972597743,969,6.65,4.0043E-09,2,two
thump,6.738856743,970,6.65,3.827E-09,2,two
down,7.229740743,971,12.59,4.1538E-09,1,one
she,7.529060743,972,13.1,3.8663E-09,4,three+
came,7.756543743,973,11.65,4.0183E-09,1,one
upon,8.211509743,974,11.27,3.7164E-09,1,one
a,8.566976743,975,16.18,3.7371E-09,1,one
heap,8.654502743,976,8.37,3.7743E-09,2,two
of,8.917903743,977,16.21,3.8608E-09,1,one
sticks,9.013686743,978,8.54,4.0263E-09,1,one
and,9.469543743,979,16.19,4.0968E-09,1,one
dry,9.612325743,980,9.87,4.0073E-09,2,two
leaves,9.839808743,981,9.9,3.6632E-09,7,three+
and,10.90538674,982,16.19,3.6755E-09,1,one
the,11.07300574,983,16.96,4.3704E-09,1,one
fall,11.14484274,984,10.74,3.8393E-09,2,two
was,11.48008074,985,14.56,3.8237E-09,1,one
over,11.67207674,986,13.02,3.515E-09,6,three+
Alice,13.28797174,987,8.65,4.0567E-09,2,two
was,13.68307374,988,14.56,3.6071E-09,1,one
not,13.85069374,989,14.77,3.5594E-09,1,one
a,14.05370274,990,16.18,3.5374E-09,1,one
bit,14.13803974,991,11.98,3.8912E-09,2,two
hurt,14.35355074,992,10.24,3.6168E-09,4,three+
and,15.04797174,993,16.19,4.0483E-09,1,one
she,15.20361874,994,13.1,3.7578E-09,2,two
jumped,15.37123774,995,8.71,3.5611E-09,1,one
up,15.73042074,996,13.74,3.6974E-09,2,two
onto,15.93395874,997,10.53,4.039E-09,1,one
her,16.07763174,998,13.3,3.6691E-09,1,one
feet,16.22130574,999,10.6,3.8439E-09,3,three+
in,16.55654374,1000,15.9,4.0871E-09,1,one
a,16.69133574,1001,16.18,3.5568E-09,1,one
moment,16.74810774,1002,10.68,3.8709E-09,7,three+
she,18.05314174,1003,13.1,3.2942E-09,2,two
looked,18.26865274,1004,11.07,3.7346E-09,1,one
up,18.55599974,1005,13.74,3.8144E-09,4,three+
but,18.87926474,1006,14.57,4.0208E-09,1,one
it,19.01096574,1007,15.37,3.5543E-09,2,two
was,19.08280174,1008,14.56,3.6746E-09,1,one
all,19.22870174,1009,14.35,4.0381E-09,1,one
dark,19.48987674,1010,11.17,3.9309E-09,1,one
overhead,19.88497874,1011,9.05,4.0187E-09,6,three+
before,20.95055674,1012,12.75,0.00038785,2,two
her,21.44144174,1013,13.3,0.00041106,2,two
was,21.58511474,1014,14.56,0.0014239,1,one
another,21.83654374,1015,12.56,0.00027553,1,one
long,22.18375474,1016,12.52,0.012578,1,one
passage,22.45912874,1017,9.1,0.001586,4,three+
and,23.41695174,1018,16.19,0.012483,1,one
the,23.54865274,1019,16.96,0.0082375,1,one
White,23.62048874,1020,11.92,0.015351,1,one
Rabbit,23.90783574,1021,8.66,0.00080073,2,two
was,24.24307374,1022,14.56,0.0028346,1,one
still,24.37477474,1023,12.8,0.0057102,2,two
in,24.74547574,1024,15.9,0.00033329,1,one
sight,24.86565874,1025,9.57,0.001413,3,three+
hurrying,25.26076174,1026,5.02,0.00060833,1,one
down,25.79953674,1027,12.59,0.00071524,2,two
it,26.09885674,1028,15.37,0.00031955,8,three+
There,27.21232574,1029,14.09,0.00084464,2,two
was,27.36797174,1030,14.56,0.00079233,1,one
not,27.53559074,1031,14.77,0.00048687,1,one
a,27.73374674,1032,16.18,0.013817,1,one
moment,27.79899274,1033,10.68,0.01012,1,one
to,28.20606774,1034,16.35,0.000081209,1,one
be,28.28987674,1035,14.95,1.1237E-06,1,one
lost,28.40175074,1036,11.27,0.006414,9,three+
away,29.27164574,1037,11.92,0.000066329,2,two
went,29.58293774,1038,11.66,0.00046501,1,one
Alice,29.81042074,1039,8.65,0.0019136,2,two
like,30.22946874,1040,13.87,0.0024632,1,one
the,30.39708774,1041,16.96,0.00071469,1,one
wind,30.50484274,1042,10.07,9.842E-07,4,three+
and,31.00769974,1043,16.19,0.003951,1,one
was,31.18729174,1044,14.56,0.0040654,1,one
just,31.45069374,1045,13.84,0.014827,2,two
in,31.81344474,1046,15.9,0.0094574,1,one
time,31.92960474,1047,13.58,0.0021824,1,one
to,32.19300574,1048,16.35,0.0043732,1,one
hear,32.30076174,1049,11.41,0.0018713,1,one
it,32.52554174,1050,15.37,0.0057224,10,three+
say,32.67191774,1051,12.79,0.00078955,1,one
as,33.06599374,1052,14.79,0.00092195,1,one
it,33.22616174,1053,15.37,0.00019503,2,two
turned,33.34239374,1054,10.84,9.9884E-07,1,one
a,33.62874474,1055,16.96,1.0121E-06,1,one
corner,33.70157774,1056,10.05,6.5124E-07,8,three+
Oh,34.63545474,1057,11.64,0.0093393,1,one
my,34.88114474,1058,14.39,0.0088685,1,one
ears,35.05450274,1059,9.41,8.9389E-06,1,one
and,35.33567474,1060,16.19,0.00029455,1,one
whiskers,35.47355074,1061,6.08,8.2726E-06,2,two
how,36.08416274,1062,13.52,0.0004169,1,one
late,36.21586374,1063,10.92,0.00063804,2,two
it,36.47340974,1064,15.37,0.011288,2,two
s,36.59766974,1065,15.68,0.00015433,1,one
getting,36.72226874,1066,11.99,0.000027942,8,three+
She,37.65259774,1067,13.1,0.0016728,2,two
was,37.85613574,1068,14.56,0.007316,1,one
close,38.02375474,1069,11.35,0.001838,1,one
behind,38.35899274,1070,11.08,2.6872E-07,1,one
it,38.77555674,1071,15.37,4.1256E-07,4,three+
when,38.90974074,1072,13.76,3.0738E-07,2,two
she,39.02946874,1073,13.1,5.1164E-07,2,two
turned,39.22103374,1074,10.84,5.0861E-07,1,one
the,39.52035274,1075,16.96,8.5196E-07,1,one
corner,39.59218974,1076,10.05,0.00026912,7,three+
but,40.35844874,1077,14.57,0.016094,1,one
the,40.50212174,1078,16.96,0.003195,1,one
Rabbit,40.60987674,1079,8.66,0.0092802,2,two
was,40.98103374,1080,14.56,0.009932,1,one
no,41.20851674,1081,13.96,0.010522,1,one
longer,41.43599974,1082,11.2,0.013978,2,two
to,41.75926474,1083,16.35,0.0016988,1,one
be,41.92688374,1084,14.95,0.000016107,1,one
seen,42.06820674,1085,11.99,9.835E-07,9,three+
she,43.01640774,1086,13.1,0.000011044,2,two
found,43.25586374,1087,12.21,0.0141,1,one
herself,43.55518274,1088,9.88,0.0050912,2,two
in,44.05803974,1089,15.9,0.021279,1,one
a,44.17776774,1090,16.18,0.012052,1,one
long,44.23832374,1091,12.52,0.0038602,1,one
low,44.72851674,1092,11.36,0.0085426,2,two
hall,45.13559074,1093,10.42,0.0010549,2,two
which,45.55463874,1094,13.8,0.0063591,2,two
was,45.87790374,1095,14.56,0.0009854,1,one
lit,46.06946874,1096,8.59,0.00023528,1,one
up,46.30892474,1097,13.74,0.000027901,2,two
by,46.69205374,1098,14.4,8.7359E-06,1,one
a,46.88361874,1099,16.18,1.8371E-06,1,one
row,46.99137374,1100,9.55,0.023858,2,two
of,47.26674774,1101,16.21,0.013872,1,one
lamps,47.36252974,1102,7.37,0.000037724,2,two
hanging,47.79355074,1103,9.29,0.026468,1,one
from,48.09286974,1104,14.45,0.0072219,1,one
the,48.30838074,1105,16.96,0.017499,1,one
roof,48.44008074,1106,8.64,0.00015173,17,three+
There,49.61341474,1107,14.09,0.01343,2,two
were,49.79300574,1108,13.41,0.010833,1,one
doors,49.91273374,1109,9.43,0.000021381,2,two
all,50.40361874,1110,14.35,0.021802,1,one
around,50.58770274,1111,10.76,0.02705,1,one
the,50.91844874,1112,16.96,0.010946,1,one
hall,50.99028474,1113,10.42,0.000066137,5,three+
but,51.88824474,1114,14.57,0.0069071,1,one
they,52.05586374,1115,14.3,0.0029196,2,two
were,52.23545474,1116,13.41,0.00008418,1,one
all,52.38352774,1117,14.35,9.2003E-07,1,one
locked,52.61858474,1118,9.27,1.0107E-06,6,three+
and,53.51654374,1119,16.19,0.0044301,1,one
when,53.64538874,1120,13.76,0.0019443,2,two
Alice,53.85178174,1121,8.65,4.026E-07,2,two
had,54.21382874,1122,13.53,0.022262,1,one
been,54.30674774,1123,13.51,0.0016828,1,one
all,54.46057374,1124,14.35,0.011569,1,one
the,54.71382274,1125,16.96,0.012004,1,one
way,54.79763174,1126,13.1,0.013267,2,two
down,54.95327874,1127,12.59,0.0043874,1,one
one,55.24062474,1128,14.17,6.3054E-06,1,one
side,55.46810774,1129,11.63,0.0030186,2,two
and,55.86321074,1130,16.19,0.0026332,1,one
up,55.94456674,1131,13.74,0.00014697,1,one
the,56.17450274,1132,16.96,0.0016169,1,one
other,56.32334174,1133,13.71,0.000017741,4,three+
trying,56.61749574,1134,11.98,4.6288E-06,1,one
every,57.04851674,1135,12.35,0.00098919,1,one
door,57.40769974,1136,10.89,4.0768E-07,8,three+
she,58.34157774,1137,13.1,3.8363E-07,2,two
walked,58.54511474,1138,9.61,0.0026432,1,one
sadly,58.85640774,1139,8.49,0.017059,2,two
down,59.41912874,1140,12.59,0.015495,1,one
the,59.70647574,1141,16.96,0.021233,1,one
middle,59.77831274,1142,10.72,0.014172,3,three+
wondering,60.64035274,1143,10.64,0.00070316,1,one
how,61.19110174,1144,13.52,0.0019264,2,two
she,61.38266574,1145,13.1,1.5734E-06,2,two
was,61.56225774,1146,14.56,4.4795E-06,1,one
ever,61.82565874,1147,12.07,7.4354E-06,2,two
to,62.10103374,1148,16.35,0.01544,1,one
get,62.26865274,1149,13.79,0.019462,1,one
out,62.43627174,1150,13.9,0.0067974,2,two
again,62.66375474,1151,12.43,0.000018475,13,three+
Suddenly,0.586736359,1152,9.96,3.9744E-09,2,two
she,1.179532195,1153,13.1,3.4711E-09,2,two
came,1.418988195,1154,11.65,3.5429E-09,1,one
upon,1.694362195,1155,11.27,3.9258E-09,1,one
a,2.051148195,1156,16.18,3.9507E-09,1,one
little,2.304974195,1157,12.57,3.9444E-09,1,one
three,2.747968195,1158,12.01,3.8325E-09,1,one
legged,2.999396195,1159,6.22,3.9984E-09,1,one
table,3.370553195,1160,10.93,3.6404E-09,2,two
all,4.256539195,1161,14.35,4.283E-09,1,one
made,4.460076195,1162,12.51,4.0229E-09,2,two
of,4.711505195,1163,16.21,3.5425E-09,1,one
solid,4.795315195,1164,10.1,3.9085E-09,1,one
glass,5.274226195,1165,9.94,3.9338E-09,8,three+
there,6.507423195,1166,14.09,3.77E-09,2,two
was,6.639124195,1167,14.56,3.8545E-09,1,one
nothing,6.806743195,1168,11.99,3.681E-09,2,two
on,7.201845195,1169,15.08,3.7168E-09,1,one
it,7.440325195,1170,15.37,3.6366E-09,4,three+
except,7.668784195,1171,14.57,3.2533E-09,1,one
a,7.974939195,1172,16.18,3.7616E-09,1,one
tiny,8.068009195,1173,9.67,3.7878E-09,1,one
golden,8.494906195,1174,9.77,3.648E-09,1,one
key,8.937900195,1175,11.47,3.7464E-09,5,three+
and,9.835859195,1176,16.19,3.678E-09,1,one
Alice's,10.03939619,1177,12.9180065,3.8545E-09,1,one
first,10.56619919,1178,13.16,3.5079E-09,1,one
thought,11.02116519,1179,11.8,4.0601E-09,2,two
was,11.60783219,1180,14.56,3.9144E-09,1,one
that,11.75150519,1181,15.48,3.5754E-09,1,one
it,11.92477219,1182,14.99,4.1074E-09,2,two
might,12.05082519,1183,12.53,3.7515E-09,1,one
belong,12.30225319,1184,9.6,3.5991E-09,1,one
to,12.69735519,1185,16.35,3.5108E-09,1,one
one,12.86497419,1186,14.17,3.949E-09,2,two
of,13.03259319,1187,16.21,3.8946E-09,1,one
the,13.12837619,1188,16.96,3.955E-09,1,one
doors,13.20021319,1189,9.43,4.0174E-09,2,two
of,13.55939619,1190,16.21,3.7033E-09,1,one
the,13.65517919,1191,16.96,3.7743E-09,1,one
hall,13.75074419,1192,10.42,3.3757E-09,15,three+
but,15.16375019,1193,14.57,3.6333E-09,1,one
alas,15.29534219,1194,8.38,3.8494E-09,2,two
either,15.87014419,1195,12.17,3.2727E-09,2,two
the,16.21522319,1196,16.96,3.499E-09,1,one
locks,16.32511019,1197,8.79,3.5286E-09,2,two
were,16.79204919,1198,13.41,3.7675E-09,1,one
too,16.92948519,1199,12.87,4.2311E-09,1,one
large,17.13926019,1200,11.81,3.803E-09,4,three+
or,17.50658319,1201,14.78,3.8701E-09,1,one
the,17.59422619,1202,16.96,3.8173E-09,1,one
key,17.69000819,1203,11.47,3.933E-09,2,two
was,17.96538319,1204,14.56,4.402E-09,1,one
too,18.18089319,1205,12.87,3.7337E-09,1,one
small,18.33653919,1206,11.98,3.8182E-09,5,three+
but,19.29436219,1207,14.57,3.8815E-09,1,one
at,19.43644819,1208,14.5,3.9389E-09,1,one
any,19.57064319,1209,13.95,3.9043E-09,1,one
rate,19.88102919,1210,11.38,3.7304E-09,3,three+
it,20.14443019,1211,15.37,0.0048153,2,two
would,20.25218519,1212,14.06,0.015174,1,one
not,20.40783219,1213,14.77,0.013543,1,one
open,20.60956819,1214,11.88,0.00013935,1,one
any,20.92266119,1215,13.95,0.003031,2,two
of,21.19803619,1216,16.21,0.005008,1,one
them,21.32973619,1217,13.59,0.0049947,9,three+
However,22.42431519,1218,12.35,0.000087489,2,two
on,22.98273719,1219,15.08,0.0011773,1,one
the,23.13762719,1220,16.96,0.00081261,1,one
second,23.22143719,1221,11.92,0.0043736,1,one
time,23.65245719,1222,13.58,0.011583,1,one
round,23.97572319,1223,10.76,0.0006858,3,three+
she,24.33490619,1224,13.1,0.002192,2,two
came,24.56238919,1225,11.65,0.0077356,1,one
upon,24.86931419,1226,11.27,0.000056757,1,one
a,25.22428019,1227,16.18,0.0020268,1,one
low,25.32304019,1228,11.36,0.0015562,1,one
curtain,25.63994019,1229,7.58,0.0056552,2,two
she,26.17871619,1230,13.1,0.00062715,2,two
had,26.40619919,1231,13.53,0.00176,1,one
not,26.64565519,1232,14.77,5.4285E-07,1,one
noticed,26.83721919,1233,10.53,0.000000265,1,one
before,27.26824019,1234,12.75,0.0009625,10,three+
and,28.32184519,1235,16.19,0.000001108,1,one
behind,28.52538319,1236,11.08,0.0010943,2,two
it,28.97931419,1237,15.37,0.0017725,2,two
was,29.14796819,1238,14.56,0.011616,1,one
a,29.28449919,1239,16.18,0.00015253,1,one
little,29.37540519,1240,12.57,0.0036859,1,one
door,29.71068919,1241,10.89,0.000095835,2,two
about,30.23749119,1242,14.08,0.0021418,1,one
fifteen,30.57369419,1243,8.53,8.4468E-07,1,one
inches,31.08755919,1244,9.55,0.0011974,2,two
high,31.47068919,1245,12.13,0.016579,7,three+
she,32.57218519,1246,13.1,0.0034419,2,two
tried,32.77572319,1247,11.69,0.0010517,1,one
the,33.15885219,1248,16.96,0.00097601,1,one
little,33.24266119,1249,12.57,0.00016559,1,one
golden,33.56592719,1250,9.77,1.0773E-06,1,one
key,33.94905619,1251,11.47,0.022495,2,two
in,34.20832419,1252,15.9,0.000098398,1,one
the,34.32021319,1253,16.96,0.00025874,1,one
lock,34.39204919,1254,9.81,0.000045085,5,three+
and,35.06252519,1255,16.19,0.0001438,1,one
to,35.24211719,1256,16.35,0.015906,1,one
her,35.37381819,1257,13.3,0.00031581,1,one
great,35.55341019,1258,12.47,2.8905E-06,1,one
delight,36.15204919,1259,8.07,0.00049798,3,three+
it,36.60701519,1260,15.37,0.0046812,2,two
fitted,36.81055319,1261,7.94,0.00039463,5,three+
Alice,38.83395419,1262,8.65,3.7952E-07,2,two
opened,39.28013419,1263,10.09,5.6365E-07,1,one
the,39.71994019,1264,16.96,0.0097436,1,one
door,39.80375019,1265,10.89,0.008102,3,three+
and,40.31858019,1266,16.19,0.0015137,1,one
found,40.55803619,1267,12.21,0.0035844,1,one
it,40.83341019,1269,15.37,0.019077,2,two
led,40.93295319,1270,10.06,0.010136,1,one
into,41.19259319,1271,13.24,0.004067,1,one
a,41.54468219,1272,16.18,0.018594,1,one
small,41.59966819,1273,11.98,0.0059703,1,one
passage,42.04266119,1274,9.1,6.3707E-07,3,three+
not,43.41953219,1275,14.77,0.00047656,1,one
much,43.64701519,1276,13.09,0.0055544,1,one
larger,43.91041719,1277,10.44,0.0073461,2,two
than,44.25762719,1278,13.46,0.0071072,1,one
a,44.42524719,1279,16.18,0.0078586,1,one
rat,44.53300219,1280,8.91,0.0043742,1,one
hole,44.85626719,1281,10.16,0.0009491,11,three+
she,45.89790019,1282,13.1,0.000068364,2,two
knelt,46.13735519,1283,7.07,0.0006454,1,one
down,46.50851219,1284,12.59,1.6767E-06,3,three+
and,46.96347819,1285,16.19,2.4933E-06,1,one
looked,47.13082219,1286,11.07,0.0028377,1,one
along,47.40647119,1287,11.44,0.000047631,1,one
the,47.68184519,1288,16.96,0.0021902,1,one
passage,47.75368219,1289,9.1,0.018338,3,three+
into,48.65164119,1290,13.24,0.011146,1,one
the,48.95096119,1291,16.96,0.00017198,1,one
loveliest,49.12994919,1292,3.95,0.00080845,1,one
garden,49.98056919,1293,9.33,0.0014969,2,two
you,50.33980419,1294,15.43,0.0044917,2,two
ever,50.57926019,1295,12.07,0.00078851,2,two
saw,50.86934519,1296,11.37,0.01402,10,three+
How,52.20755919,1297,13.52,0.0012799,2,two
she,52.35123319,1298,13.1,0.000031935,2,two
longed,52.58276819,1299,6.21,3.6732E-07,1,one
to,53.05762719,1300,16.35,0.015019,1,one
get,53.15341019,1301,13.79,0.0065895,1,one
out,53.34497419,1302,13.9,0.0072037,2,two
of,53.50062119,1303,16.21,0.011085,1,one
that,53.62034919,1304,15.48,0.0023218,1,one
dark,53.79994019,1305,11.17,0.00089968,1,one
hall,54.19504219,1306,10.42,0.00064604,4,three+
and,54.66198119,1307,16.19,0.00043612,1,one
wander,54.84157319,1308,7.83,0.014141,1,one
about,55.27451119,1309,14.08,2.1698E-06,1,one
among,55.67966819,1310,11.01,0.0090252,1,one
those,56.01490619,1311,12.94,0.000061706,1,one
beds,56.32619919,1312,7.79,0.00015842,2,two
of,56.68538319,1313,16.21,0.00028249,1,one
bright,56.82905619,1314,9.53,0.002575,1,one
flowers,57.17626719,1315,9,0.000024725,2,two
and,57.79885219,1316,16.19,4.8553E-07,1,one
those,57.90660719,1317,12.94,5.984E-07,13,three+
cool,58.22987219,1318,10.81,2.4466E-07,1,one
fountains,58.51721919,1319,6.1,0.000001275,5,three+
but,59.98987219,1320,14.57,0.019283,1,one
she,60.12157319,1321,13.1,0.0076753,2,two
could,60.30116519,1322,13.21,0.0028337,1,one
not,60.55259319,1323,14.77,0.00012788,1,one
even,60.74593719,1324,13.1,0.0021992,2,two
get,61.01953219,1325,13.79,0.004298,1,one
her,61.17517919,1326,13.3,0.0014683,1,one
head,61.29490619,1327,11.6,0.0010759,2,two
though,61.67583719,1328,12.63,2.5202E-06,1,one
the,61.84565519,1329,16.96,9.237E-07,1,one
doorway,61.96538319,1330,7.41,0.020324,7,three+
and,0.342,1331,16.19,4.4523E-09,1,one
even,0.453316684,1332,13.1,4.2876E-09,1,one
if,0.696698684,1333,14.65,3.9148E-09,1,one
my,0.960099684,1334,14.39,4.0554E-09,1,one
head,1.067854684,1335,11.6,3.6476E-09,2,two
would,1.391120684,1336,14.06,3.987E-09,1,one
go,1.582684684,1337,12.92,3.9182E-09,1,one
through,1.785899684,1338,12.63,3.8714E-09,4,three+
thought,2.504589684,1339,12.07,3.6261E-09,1,one
poor,2.779963684,1340,10.89,3.8726E-09,1,one
Alice,3.043431684,1341,8.65,4.1825E-09,6,three+
it,4.204725684,1342,15.37,4.1998E-09,2,two
would,4.289338684,1343,14.06,3.9993E-09,1,one
be,4.480099684,1344,14.95,3.355E-09,1,one
of,4.671664684,1345,16.21,3.5885E-09,1,one
very,4.839283684,1346,13.28,3.5176E-09,1,one
little,5.279842684,1347,12.57,3.9284E-09,2,two
use,5.629487684,1348,13.43,4.0039E-09,3,three+
without,5.928807684,1349,12.45,3.6489E-09,1,one
my,6.240099684,1350,14.39,3.7933E-09,1,one
shoulders,6.311936684,1351,8.96,3.8866E-09,7,three+
Oh,7.545133684,1352,11.64,3.6978E-09,2,two
how,7.676834684,1353,13.52,3.9191E-09,2,two
I,7.856426684,1354,15.79,3.9769E-09,2,two
wish,7.964181684,1355,11.22,3.9153E-09,1,one
I,8.251528684,1356,15.79,3.6599E-09,6,three+
could,8.335337684,1357,13.21,3.8384E-09,1,one
shut,8.486719684,1358,9.89,3.8329E-09,1,one
up,8.780278684,1359,13.74,3.8228E-09,2,two
like,8.957922684,1360,13.87,4.0584E-09,1,one
a,9.083297684,1361,16.18,3.7147E-09,1,one
telescope,9.137514684,1362,8.11,4.1791E-09,7,three+
I,10.53833168,1363,15.79,3.4893E-09,2,two
think,10.64608668,1364,13.39,3.613E-09,1,one
I,10.96554568,1365,15.79,4.153E-09,2,two
could,11.10105268,1366,13.21,3.5893E-09,1,one
if,11.74758268,1367,14.65,4.2226E-09,1,one
I,11.94114868,1368,15.79,3.6936E-09,2,two
only,12.09754168,1369,13.63,4.0423E-09,2,two
know,12.40608668,1370,10.94,3.8714E-09,1,one
how,12.57370568,1371,13.52,3.8473E-09,2,two
to,12.75329768,1372,16.35,3.5818E-09,1,one
begin,12.90864768,1373,11.02,3.8925E-09,14,three+
For,14.40554168,1374,15.42,3.77E-09,1,one
you,14.57316068,1375,15.43,4.2281E-09,2,two
see,14.70486168,1376,13.27,3.5547E-09,4,three+
so,15.29152868,1377,14.05,3.6957E-09,1,one
many,15.60282068,1378,13.07,4.0575E-09,2,two
out,15.93805868,1379,13.9,4.0487E-09,1,one
of,16.09962068,1380,16.21,3.6371E-09,1,one
the,16.23737868,1381,16.96,3.6586E-09,1,one
way,16.33316068,1382,13.1,3.8773E-09,1,one
things,16.58878068,1383,12.48,3.5281E-09,4,three+
had,16.91982768,1384,13.53,3.8363E-09,1,one
happened,17.03955568,1385,10.95,3.7363E-09,1,one
lately,17.54241268,1386,9.49,3.5155E-09,2,two
that,18.36853568,1387,15.48,4.0423E-09,1,one
Alice,18.49050868,1388,8.65,3.6886E-09,2,two
had,18.90731068,1389,13.53,3.9942E-09,1,one
begun,19.03901168,1390,8.9,3.4724E-09,1,one
to,19.41016768,1391,16.35,3.6886E-09,1,one
think,19.48200468,1392,13.39,3.8249E-09,1,one
that,19.76935168,1393,15.48,3.8165E-09,1,one
very,19.92499768,1394,13.28,3.5733E-09,1,one
few,20.24826368,1395,12.49,0.013723,2,two
things,20.55240368,1396,12.48,0.000072027,2,two
indeed,20.93071268,1397,9.55,0.00052565,2,two
were,21.44554168,1398,13.41,0.0046521,1,one
really,21.58921568,1399,12.89,0.00038881,1,one
impossible,21.97234468,1400,10.21,0.013925,16,three+
There,23.78023568,1401,14.09,0.00057794,2,two
seemed,24.00771868,1402,10.54,0.000086978,1,one
to,24.40282068,1403,16.35,0.00097433,1,one
be,24.47465768,1404,14.95,0.0043987,1,one
no,24.64227668,1405,13.96,0.00316,1,one
use,24.80989568,1406,13.43,0.000091298,2,two
in,25.19302468,1407,15.9,0.0014625,1,one
waiting,25.33669868,1408,10.55,0.0021785,1,one
by,25.67193668,1409,14.4,0.000039861,1,one
the,25.86350168,1410,16.96,0.0010149,1,one
little,25.98322968,1411,12.57,0.00037813,1,one
door,26.27057568,1412,10.89,0.0028186,12,three+
so,27.04880768,1413,14.05,5.2459E-07,1,one
she,27.16853568,1414,13.1,2.8341E-06,2,two
went,27.34812668,1415,11.66,0.0016581,1,one
back,27.59955568,1416,12.88,0.00019299,2,two
to,27.87492968,1417,16.35,0.010477,1,one
the,27.97071268,1418,16.96,0.000099101,1,one
table,28.07846768,1419,10.93,0.00020308,3,three+
half,28.91656268,1420,11.18,0.0011431,2,two
hoping,29.15601868,1421,9.79,0.0005086,1,one
she,29.52717468,1422,13.1,0.0038348,2,two
might,29.70676668,1423,12.53,0.0028244,1,one
find,29.97016768,1424,12.84,0.00040783,1,one
another,30.23356968,1425,12.56,0.0040239,1,one
key,30.60134568,1426,11.47,4.6788E-07,2,two
on,30.87189968,1427,15.08,0.00019311,1,one
it,31.07166468,1428,15.37,0.00039697,4,three+
or,31.56254868,1429,14.78,0.0010312,1,one
at,31.76500368,1430,14.5,0.0012048,1,one
any,31.84989568,1431,13.95,0.016375,1,one
rate,32.14921568,1432,11.38,0.0017749,3,three+
a,32.46050768,1433,16.18,0.00031794,1,one
book,32.55502068,1434,12.16,0.014751,2,two
of,32.79574668,1435,16.21,0.0017243,1,one
rules,32.95139268,1436,11.29,0.0017879,5,three+
for,33.37043968,1437,15.42,1.2974E-06,1,one
shutting,33.46622268,1438,7.6,0.000001439,1,one
people,33.88526968,1439,13.55,0.024003,2,two
up,34.24679868,1440,13.74,0.00035659,2,two
like,34.42404568,1441,13.87,0.0084163,1,one
telescopes,34.62758268,1442,6.9,0.0070808,16,three+
this,36.50731068,1443,14.99,0.010243,1,one
time,36.78268468,1444,13.58,0.015856,2,two
she,37.18975968,1445,13.1,0.010742,2,two
found,37.38132468,1446,12.21,0.0066356,1,one
a,37.69563868,1447,16.18,0.0011415,1,one
little,37.82431768,1448,12.57,0.010016,1,one
bottle,38.20744668,1449,9.83,0.00025891,2,two
on,38.63846768,1450,15.08,2.628E-07,1,one
it,38.84414568,1451,15.37,2.0047E-07,6,three+
which,39.89560968,1452,13.8,0.017047,2,two
certainly,40.05125668,1453,11.19,0.020942,2,two
was,40.67384168,1454,14.56,0.021179,1,one
not,40.89738268,1455,14.77,0.010117,1,one
here,41.38023568,1456,13.08,0.015952,1,one
before,41.64335668,1457,12.75,0.0031449,6,three+
said,42.48531868,1458,12.77,0.011724,1,one
Alice,42.69526868,1459,8.65,0.0062019,5,three+
and,43.65506568,1460,16.19,0.00080464,1,one
round,43.78676668,1462,10.76,0.013779,2,two
the,44.02622268,1463,16.96,0.02004,1,one
neck,44.09805868,1464,9.61,0.015322,2,two
of,44.37813868,1465,16.21,0.0017207,1,one
the,44.50513368,1466,16.96,0.00098138,1,one
bottle,44.60091668,1467,9.83,0.00016605,4,three+
was,44.98404568,1468,14.56,0.0088864,1,one
a,45.14867568,1469,16.18,0.0011207,1,one
paper,45.19955568,1470,11.07,0.00084676,1,one
label,45.61860368,1471,10.04,0.0031928,2,two
with,46.21724268,1472,14.97,0.00072554,1,one
the,46.37288868,1473,16.96,4.0429E-07,1,one
words,46.46867168,1474,11.51,2.3089E-06,2,two
drink,47.09125668,1475,9.9,0.013359,1,one
me,47.47432668,1476,14.08,0.014096,2,two
beautifully,48.13288868,1477,7.79,0.000099054,2,two
printed,48.81763268,1478,9.93,0.0020337,1,one
on,49.19846768,1479,15.08,0.00039542,1,one
it,49.41284968,1480,15.37,0.01495,3,three+
in,49.50975968,1481,15.9,0.0043003,1,one
large,49.68486368,1482,11.81,0.011009,1,one
letters,50.09642668,1483,10.4,0.0012612,11,three+
It,51.05424968,1484,15.37,0.0026777,2,two
was,51.25778668,1485,14.56,0.01445,1,one
all,51.42878868,1486,14.35,0.0026666,1,one
very,51.71275268,1487,13.28,0.028767,1,one
well,52.07193668,1488,13.22,0.0021392,1,one
to,52.32336568,1489,16.35,5.1802E-06,1,one
say,52.38546568,1490,12.79,8.3109E-07,1,one
Drink,52.67957768,1491,9.9,2.8233E-06,1,one
me,53.07350368,1492,14.08,0.0077876,10,three+
but,53.44880768,1493,14.57,0.006774,1,one
the,53.58050768,1494,16.96,0.0017889,1,one
wise,53.68826368,1495,9.51,0.0016126,1,one
little,54.20309268,1496,12.57,0.021926,1,one
Alice,54.44927568,1497,8.65,0.010521,2,two
was,54.90948768,1498,14.56,0.011323,1,one
not,55.06830168,1499,14.77,0.0075341,1,one
going,55.29261668,1500,12.63,0.0019087,1,one
to,55.54404568,1501,16.35,0.0070112,1,one
do,55.66377368,1502,14.12,0.007364,1,one
that,55.85533768,1503,15.48,0.0020884,2,two
in,56.19057568,1504,15.9,0.00054713,1,one
a,56.36615368,1505,16.18,0.007616,1,one
hurry,56.44407368,1506,8.54,0.0018947,12,three+
No,0.432017422,1507,13.96,3.5391E-09,2,two
I,1.046814784,1508,15.79,3.6607E-09,2,two
ll,1.198493784,1509,14.35,4.0668E-09,1,one
look,1.394025784,1510,12.44,4.1914E-09,1,one
first,1.753209784,1511,13.16,3.8165E-09,5,three+
she,2.133840784,1512,13.1,3.3694E-09,2,two
said,2.351848784,1513,12.77,3.6079E-09,2,two
and,2.709578784,1514,16.19,3.6611E-09,1,one
see,2.789662784,1515,13.27,3.6691E-09,1,one
whether,3.118107784,1516,11.63,3.6223E-09,1,one
it,3.441372784,1517,15.37,3.643E-09,2,two
s,3.531518784,1518,15.68,4.0972E-09,1,one
marked,3.620964784,1519,9.64,3.7937E-09,1,one
poison,3.980148784,1520,8.54,3.4061E-09,4,three+
or,4.470263784,1521,14.78,3.5353E-09,1,one
not,4.591471784,1522,14.77,3.9908E-09,6,three+
for,5.488719784,1523,15.42,3.7789E-09,1,one
she,5.584501784,1524,13.1,3.9668E-09,2,two
had,5.805111784,1525,13.53,3.5324E-09,1,one
read,5.991576784,1526,12.58,3.7536E-09,1,one
several,6.219059784,1527,12.05,3.8068E-09,1,one
nice,6.747998784,1528,11.64,3.9385E-09,1,one
little,7.069127784,1529,12.57,4.2479E-09,1,one
histories,7.308583784,1530,10.6,3.7527E-09,2,two
about,7.957913784,1531,14.08,3.9056E-09,1,one
children,8.266406784,1532,11.47,3.7844E-09,2,two
who,8.711133784,1533,13.74,3.6265E-09,2,two
’d,8.810731784,1534,13.53,3.9317E-09,,FALSE
gotten,8.876990784,1535,12.61,3.8709E-09,1,one
burnt,9.320012784,1536,7.8,3.6763E-09,9,three+
and,10.15810778,1537,16.19,4.0567E-09,1,one
eaten,10.32572678,1538,8.36,3.8722E-09,1,one
up,10.61663678,1539,13.74,3.5991E-09,2,two
by,10.82858378,1540,14.4,3.8735E-09,1,one
wild,11.00817578,1541,10.08,4.1327E-09,1,one
beasts,11.41525078,1542,8.13,3.8921E-09,2,two
and,11.95402578,1543,16.19,3.7358E-09,1,one
other,12.03786078,1544,13.71,3.9672E-09,1,one
unpleasant,12.30624978,1545,8.02,3.6062E-09,1,one
things,12.89987678,1546,12.48,3.9558E-09,9,three+
all,13.70205278,1547,14.35,3.8182E-09,1,one
because,13.92953578,1548,13.13,3.7084E-09,1,one
they,14.31266578,1549,14.3,3.5805E-09,2,two
would,14.48028478,1550,14.06,3.6096E-09,1,one
not,14.91130478,1551,14.77,4.0385E-09,1,one
remember,15.13878778,1552,11.87,3.6586E-09,1,one
the,15.58178078,1553,16.96,3.9748E-09,1,one
simple,15.67756378,1554,11.35,3.6666E-09,1,one
rules,16.27620278,1555,11.29,3.8769E-09,7,three+
their,16.70722278,1556,13.65,3.8536E-09,1,one
friends,16.85089678,1557,11.26,4.1492E-09,2,two
had,17.19810778,1558,13.53,3.4492E-09,1,one
taught,17.30586278,1559,9.83,4.0791E-09,1,one
them,17.65307378,1560,13.59,3.4969E-09,6,three+
such,18.37144078,1561,12.82,3.8456E-09,1,one
as,18.70667878,1562,14.79,4.1589E-09,1,one
that,19.52082878,1563,15.48,3.6641E-09,4,three+
a,19.65559478,1564,16.18,3.8574E-09,1,one
red,19.73351478,1565,11.55,3.6907E-09,1,one
hot,20.02368578,1566,10.85,0.000010504,1,one
poker,20.39484178,1567,8.42,0.0030747,2,two
will,20.77797178,1568,14.35,0.000015474,1,one
burn,21.01742778,1569,9.43,0.01342,1,one
you,21.42450178,1570,15.43,0.0049205,2,two
if,21.60409378,1571,14.65,0.00011448,1,one
you,21.75973978,1572,15.43,0.00073658,2,two
hold,21.92735978,1573,11.17,0.012613,1,one
it,22.18067778,1574,15.37,0.013531,2,two
too,22.33868078,1575,12.87,0.00010611,1,one
long,22.54863078,1576,12.52,0.0069697,10,three+
and,23.23239378,1577,16.19,0.012283,1,one
that,23.42395778,1578,15.48,0.016659,1,one
if,23.55565878,1579,14.65,0.010557,1,one
you,23.67538678,1580,15.43,0.00055825,2,two
cut,23.79511478,1581,11.5,0.0076897,1,one
your,24.07048878,1582,14.35,0.0056548,1,one
finger,24.21416178,1583,10.53,0.0027069,2,two
very,24.58531878,1584,13.28,0.0041202,1,one
deeply,25.07620278,1585,8.98,0.0011077,2,two
with,25.49525078,1586,14.97,0.0038355,1,one
a,25.69193578,1587,16.18,0.000010327,1,one
knife,25.74667878,1588,8.87,0.00058639,6,three+
it,26.12185278,1589,15.37,0.005522,2,two
usually,26.23756378,1590,11.57,0.0038673,2,two
bleeds,26.68055678,1591,6.25,4.4199E-07,6,three+
and,27.87783578,1592,16.19,0.0063154,1,one
she,27.98678578,1593,13.1,0.00014229,2,two
had,28.16643278,1594,13.53,0.00017151,1,one
never,28.28547678,1595,12.62,0.000034335,2,two
forgotten,28.64409378,1596,9.31,0.0039654,1,one
that,29.25470578,1597,15.48,0.0021077,1,one
if,29.45824378,1598,14.65,0.0042923,1,one
you,29.60191678,1599,15.43,0.000058221,2,two
drink,29.74559078,1600,9.9,0.0011799,1,one
much,30.14069278,1601,13.09,0.0029628,1,one
from,30.46395778,1602,14.45,1.1416E-06,1,one
a,30.60070978,1603,16.18,4.8036E-07,1,one
bottle,30.66780778,1604,9.83,3.3243E-07,1,one
marked,31.05062478,1605,9.64,0.00040577,1,one
poison,31.44182278,1606,8.54,0.0047015,7,three+
it,32.34368578,1607,15.37,0.0036449,2,two
’s,32.44232778,1608,15.68,0.00031665,1,one
almost,32.52403678,1609,11.62,0.015058,1,one
certain,32.97824378,1610,11.31,0.001381,2,two
to,33.36137278,1611,16.35,1.1654E-06,1,one
disagree,33.49307378,1612,10.15,5.3801E-07,1,one
with,34.04382178,1613,14.97,0.013596,1,one
you,34.21144078,1614,15.43,0.0016659,6,three+
sooner,34.37905978,1615,8.91,0.01437,1,one
or,34.78613478,1616,14.78,0.0027867,1,one
later,34.88191678,1617,11.59,0.0040793,9,three+
However,36.83348178,1618,12.35,0.00014273,2,two
this,37.27647478,1619,14.99,0.000042425,1,one
bottle,37.53987678,1620,9.83,0.0029316,2,two
was,37.86314178,1621,14.56,0.0023503,1,one
not,38.05395178,1622,14.77,0.0025158,1,one
marked,38.40191678,1623,9.64,2.4643E-07,1,one
poison,38.76524378,1624,8.54,4.172E-07,2,two
so,39.51538678,1625,14.05,5.8474E-06,1,one
Alice,39.71759178,1626,8.65,0.0071207,1,one
ventured,40.16191678,1627,6.39,0.00018347,1,one
to,40.52110078,1628,16.35,0.019445,1,one
taste,40.62885578,1629,9.89,0.016451,1,one
it,41.07184878,1630,15.37,0.0015801,5,three+
and,41.65851578,1631,16.19,0.0031035,1,one
finding,41.83810778,1632,10.39,0.00033029,1,one
it,42.28110078,1633,15.37,0.0012771,2,two
very,42.48463778,1634,13.28,0.014452,1,one
nice,42.92763178,1635,11.64,0.0021743,13,three+
it,43.77769978,1636,15.37,0.014413,2,two
had,43.92081278,1637,13.53,0.0024229,1,one
in,44.31647478,1638,15.9,0.012099,1,one
fact,44.49606678,1639,12.13,0.00025145,4,three+
a,45.05878778,1640,16.18,0.0076496,1,one
sort,45.12206978,1641,11.28,0.0011323,2,two
of,45.41779278,1642,16.21,0.000012968,1,one
mixed,45.59756378,1643,9.62,0.0029714,1,one
flavor,45.99266578,1644,7.2,0.000050726,2,two
of,46.52381478,1645,16.21,2.6063E-06,1,one
cherry,46.69905978,1646,8.38,6.1086E-06,1,one
tart,47.22586278,1647,6.35,0.01188,1,one
custard,48.21960378,1648,6.25,0.0090415,1,one
pineapple,48.97388978,1649,6.46,0.0010873,1,one
roast,49.95565878,1650,7.3,0.0041414,1,one
turkey,50.35076078,1651,9.53,0.021606,1,one
toffee,50.84164478,1652,12.9180065,0.014374,2,two
and,51.40651578,1653,16.19,0.0027046,1,one
hot,51.57198478,1654,10.85,0.0050433,1,one
buttered,51.83538678,1655,5.75,0.01263,1,one
toast,52.20247578,1656,8.03,0.000087786,10,three+
she,53.83484178,1657,13.1,2.7266E-07,2,two
very,54.08627078,1658,13.28,0.00011767,1,one
soon,54.39756378,1659,11.41,0.011981,2,two
finished,55.04409378,1660,10.05,0.0077037,1,one
it,55.42390078,1661,15.37,0.0042027,2,two
off,55.53645078,1662,12.65,0.0095787,5,three+
What,1.051980798,1663,14.1,3.4488E-09,2,two
a,1.160767,1664,16.18,3.6172E-09,1,one
curious,1.308375,1665,9.92,3.8566E-09,1,one
feeling,2.14647,1666,10.53,3.5243E-09,2,two
said,2.787119,1667,12.77,3.6569E-09,1,one
Alice,3.069088,1668,8.65,4.0668E-09,5,three+
I,3.670205,1669,15.79,3.8722E-09,2,two
must,3.810893,1670,12.63,3.7616E-09,1,one
be,4.110007,1671,14.95,3.8659E-09,1,one
shutting,4.193817,1672,7.6,4.1597E-09,1,one
up,4.602269,1673,13.74,4.1804E-09,2,two
like,4.780483,1674,13.87,3.4859E-09,1,one
a,4.907454,1675,16.18,3.9406E-09,1,one
telescope,5.004853,1676,8.11,4.1876E-09,8,three+
And,6.456674,1677,16.19,3.7126E-09,1,one
so,6.616548,1678,14.05,3.6886E-09,2,two
it,6.895759,1679,15.37,3.9153E-09,2,two
was,7.007422,1680,14.56,3.9744E-09,1,one
indeed,7.246878,1681,9.55,4.0157E-09,5,three+
she,8.24062,1682,13.1,3.8752E-09,2,two
was,8.396266,1683,14.56,3.6632E-09,1,one
now,8.575858,1684,13.3,3.7586E-09,1,one
only,8.851232,1685,13.63,3.9693E-09,1,one
ten,9.078715,1686,10.57,3.5332E-09,1,one
inches,9.354089,1687,9.55,3.6915E-09,3,three+
high,9.737218,1688,12.13,3.8798E-09,4,three+
and,10.371776,1689,16.19,4.1736E-09,1,one
her,10.52606,1690,13.3,3.686E-09,1,one
face,10.623205,1691,11.26,3.5611E-09,2,two
brightened,11.042252,1692,5.31,3.8992E-09,1,one
up,11.395356,1693,13.74,3.7755E-09,2,two
at,11.581028,1694,14.5,3.5231E-09,1,one
the,11.688783,1695,16.96,3.3398E-09,1,one
thought,11.856402,1696,12.07,4.0136E-09,3,three+
that,12.167694,1697,15.48,4.166E-09,1,one
she,12.335313,1698,13.1,3.765E-09,2,two
was,12.514905,1699,14.56,3.4948E-09,1,one
now,12.742388,1700,13.3,3.6472E-09,2,two
the,12.969871,1701,16.96,4.0521E-09,1,one
right,13.13749,1702,12.87,4.1107E-09,1,one
size,13.364973,1703,11.58,3.8507E-09,2,two
for,13.772048,1704,15.42,4.028E-09,1,one
going,13.891776,1705,12.63,3.9178E-09,1,one
through,14.286878,1706,12.63,4.1015E-09,1,one
the,14.514361,1707,16.96,3.5514E-09,1,one
little,14.598171,1708,12.57,4.2247E-09,1,one
door,14.933409,1709,10.89,4.0795E-09,3,three+
into,15.376402,1710,13.24,3.5771E-09,1,one
that,15.670657,1711,15.48,3.9368E-09,1,one
lovely,15.891232,1712,9.01,3.5231E-09,1,one
garden,16.214497,1713,9.33,3.7228E-09,14,three+
First,17.782932,1714,13.16,3.8101E-09,2,two
however,18.166062,1715,12.35,4.15E-09,2,two
she,18.513273,1716,13.1,3.6476E-09,2,two
waited,18.728783,1717,8.76,4.0014E-09,1,one
for,19.075994,1718,15.42,3.5784E-09,1,one
a,19.363341,1719,16.18,3.9541E-09,1,one
few,19.399259,1720,12.49,3.808E-09,1,one
minutes,19.674633,1721,11.06,3.7692E-09,3,three+
to,20.47681,1722,16.35,0.0020362,1,one
see,20.596538,1723,13.27,0.000040006,1,one
if,20.788103,1724,14.65,0.00012037,1,one
she,20.931776,1725,13.1,0.0014096,2,two
was,21.123341,1726,14.56,0.0041519,1,one
going,21.302932,1727,12.63,0.0028997,1,one
to,21.566334,1728,16.35,0.0038075,1,one
shrink,21.638171,1729,8.32,0.00011206,1,one
any,21.978912,1730,13.95,0.013788,1,one
further,22.200892,1731,11.33,0.014159,15,three+
she,23.18266,1732,13.1,0.0050246,2,two
felt,23.370085,1733,10.82,0.0063046,1,one
a,23.69749,1734,16.18,0.0036201,1,one
little,23.761846,1735,12.57,0.0010536,2,two
nervous,24.068647,1736,8.81,0.0046966,2,two
about,24.487694,1737,14.08,0.0033619,1,one
this,24.787014,1738,14.99,7.2568E-06,3,three+
for,25.876538,1739,15.42,0.0011408,1,one
it,26.066158,1740,15.37,0.0012378,2,two
might,26.126762,1741,12.53,0.0006261,1,one
end,26.511096,1742,12.33,1.1569E-06,7,three+
you,26.894225,1743,15.43,7.0703E-07,2,two
know,27.063155,1744,13.59,5.372E-07,2,two
said,27.528783,1745,12.77,0.0011389,1,one
Alice,27.755772,1746,8.65,0.010327,2,two
to,28.127422,1747,16.35,0.000080325,1,one
herself,28.24715,1748,9.88,3.3509E-06,4,three+
in,29.169055,1749,15.9,0.00052091,1,one
my,29.291711,1750,14.39,0.0020661,2,two
going,29.444429,1751,12.63,0.00036447,1,one
out,29.8826,1752,13.9,0.0059012,1,one
altogether,30.043068,1753,8.6,0.0021845,2,two
like,30.641708,1754,13.87,4.9675E-07,1,one
a,30.917082,1755,16.18,0.0096802,1,one
candle,30.976946,1756,7.91,0.0059096,9,three+
I,32.341844,1757,15.79,0.00018603,2,two
wonder,32.473545,1758,10.86,0.00037097,1,one
what,32.844701,1759,14.1,0.0023486,2,two
I,33.000347,1760,15.79,0.0015844,2,two
should,33.09613,1761,13.3,0.00094781,1,one
be,33.347558,1762,14.95,1.0225E-06,1,one
like,33.479259,1763,13.87,1.5021E-06,1,one
then,33.802524,1764,13.47,0.000012314,9,three+
And,35.200401,1765,16.19,0.015482,1,one
she,35.299123,1766,13.1,0.00061622,2,two
tried,35.442796,1767,11.69,0.000032544,1,one
to,35.658307,1768,16.35,7.7022E-07,1,one
fancy,35.813953,1769,8.9,0.00036057,3,three+
what,36.292864,1770,14.1,0.0088571,2,two
the,36.484429,1771,16.96,0.010968,1,one
flame,36.568239,1772,10.45,0.0019283,2,two
of,36.915449,1773,16.21,0.00016206,1,one
a,37.035177,1774,16.18,0.019129,1,one
candle,37.095041,1775,7.91,0.00327,4,three+
is,37.564513,1776,11.17,0.0017114,1,one
like,37.753545,1777,13.87,0.00038424,2,two
after,38.136674,1778,12.93,0.00092521,1,one
the,38.447966,1779,16.96,2.5379E-07,1,one
candle,38.579667,1780,7.91,5.0714E-07,2,two
is,39.027666,1781,15.68,4.5938E-07,1,one
blown,39.202252,1782,8.66,4.4966E-07,1,one
out,39.464076,1783,13.9,9.6163E-07,2,two
for,40.207966,1784,15.42,0.00010848,1,one
she,40.327694,1785,13.1,0.016377,2,two
could,40.495313,1786,13.21,0.0023926,1,one
not,40.67832,1787,14.77,0.01946,1,one
remember,40.926334,1788,11.87,0.010138,1,one
having,41.357354,1789,12.07,0.013846,1,one
ever,41.776402,1790,12.03,0.0013106,2,two
seen,42.11164,1791,11.99,9.9346E-07,1,one
such,42.446878,1792,12.82,0.00016672,1,one
a,42.681776,1793,16.18,0.0074547,1,one
thing,42.758171,1794,12.4,0.00065108,20,three+
After,43.835722,1795,12.93,0.012171,1,one
a,44.265333,1796,16.18,0.0079266,1,one
while,44.362524,1797,12.56,0.010207,2,two
finding,44.841436,1798,10.39,0.003631,1,one
that,45.236538,1799,15.48,0.00049475,1,one
nothing,45.404157,1800,11.99,0.0025808,1,one
more,45.775313,1801,13.89,0.0015766,2,two
happened,45.974426,1802,10.95,0.004443,7,three+
she,46.816946,1803,13.1,4.7254E-06,2,two
decided,46.996538,1804,10.81,0.02558,1,one
on,47.534175,1805,15.08,0.020908,1,one
going,47.738851,1806,12.63,0.017093,1,one
into,48.055802,1807,13.24,0.016848,1,one
the,48.313545,1808,16.96,0.01808,1,one
garden,48.433273,1809,9.33,0.00024766,2,two
at,48.799561,1810,14.5,0.0043078,1,one
once,48.948103,1811,12.15,0.00021651,12,three+
but,50.145381,1812,14.57,0.0095675,1,one
alas,50.268403,1813,8.38,0.0065706,1,one
for,50.755994,1814,15.42,0.020353,1,one
poor,50.839803,1815,10.89,0.014022,1,one
Alice,51.132009,1816,8.65,0.0018753,6,three+
when,51.606062,1817,13.76,0.0051952,2,two
she,51.737762,1818,13.1,0.025467,2,two
got,51.905381,1819,12.61,0.0018562,1,one
to,52.204701,1820,16.35,0.000078697,1,one
the,52.324429,1821,16.96,8.9655E-06,1,one
door,52.468103,1822,10.89,4.5732E-07,6,three+
she,53.330143,1823,13.1,0.00016143,2,two
found,53.535131,1824,12.21,0.0038041,1,one
she,53.868919,1825,13.1,3.4099E-07,2,two
d,54.037468,1826,13.53,3.8698E-07,1,one
forgotten,54.104375,1827,9.31,3.3477E-06,1,one
the,54.599259,1828,16.96,0.00016793,1,one
little,54.697428,1829,12.57,0.011521,1,one
golden,55.030279,1830,9.77,0.0012131,1,one
key,55.413409,1831,11.47,0.0084518,9,three+
and,56.347286,1832,16.19,0.0050284,1,one
when,56.497428,1833,13.76,0.00051323,2,two
she,56.646606,1834,13.1,0.0012611,2,two
went,56.802252,1835,11.66,0.0022461,1,one
back,56.993817,1836,12.88,0.0017885,2,two
to,57.245245,1837,16.35,3.2989E-07,1,one
the,57.353,1838,16.96,6.6981E-07,1,one
table,57.460756,1839,10.93,4.5465E-07,2,two
for,57.843885,1840,15.42,4.5578E-07,1,one
it,58.204357,1841,15.37,3.0903E-07,8,three+
she,58.670007,1842,13.1,0.018287,2,two
found,58.874526,1843,12.21,0.01666,1,one
she,59.124973,1844,13.1,0.01556,2,two
could,59.244701,1845,13.21,0.0011661,1,one
not,59.448239,1846,14.77,0.012785,1,one
possibly,59.855313,1847,10.6,0.010183,2,two
reach,60.430007,1848,10.44,0.0017674,1,one
it,60.784961,1849,15.37,0.0032051,9,three+
she,0.27448538,1850,13.1,3.2351E-07,2,two
could,0.489783265,1851,13.21,3.6725E-09,1,one
see,0.701863265,1852,13.27,3.9098E-09,1,one
it,1.064477265,1853,15.37,3.5362E-09,2,two
quite,1.279987265,1854,11.95,3.8633E-09,1,one
plainly,1.615225265,1855,7.48,3.9541E-09,2,two
through,2.130055265,1856,12.63,3.3048E-09,1,one
the,2.369511265,1857,16.96,3.6932E-09,1,one
glass,2.453320265,1858,9.94,3.5438E-09,8,three+
and,3.578762265,1859,16.19,3.8384E-09,1,one
she,3.695823265,1860,13.1,3.5062E-09,2,two
tried,3.866109265,1861,11.69,3.7886E-09,1,one
her,4.201347265,1862,13.3,4.0829E-09,1,one
best,4.333048265,1863,12.51,4.1846E-09,2,two
to,4.895769265,1864,16.35,3.7016E-09,1,one
climb,4.979579265,1865,8.72,4.0803E-09,1,one
up,5.303189265,1866,13.74,3.5526E-09,2,two
one,5.494409265,1867,14.17,3.7371E-09,2,two
of,5.650055265,1868,16.21,4.3742E-09,1,one
the,5.733864265,1869,16.96,3.6434E-09,1,one
legs,5.865565265,1870,10.18,3.8169E-09,2,two
of,6.188830265,1871,16.21,3.7523E-09,1,one
the,6.272640265,1872,16.96,3.8857E-09,1,one
table,6.356450265,1873,10.93,3.7983E-09,12,three+
but,7.278354265,1874,14.57,3.2512E-09,1,one
it,7.393222265,1875,15.37,3.9127E-09,2,two
was,7.505837265,1876,14.56,3.8954E-09,1,one
too,7.685429265,1877,12.87,3.7996E-09,1,one
slippery,7.875889265,1878,7.8,3.5733E-09,6,three+
and,9.194001265,1879,16.19,3.5699E-09,1,one
when,9.325252265,1880,13.76,3.6856E-09,2,two
she,9.469375265,1881,13.1,4.1922E-09,2,two
had,9.660939265,1882,13.53,4.0727E-09,1,one
tired,9.828558265,1883,9.86,3.4952E-09,1,one
herself,10.29549727,1884,9.88,3.9507E-09,2,two
out,10.74864127,1885,13.9,3.5877E-09,1,one
with,10.94202827,1886,14.97,4.009E-09,1,one
trying,11.12162027,1887,11.98,3.9275E-09,8,three+
the,12.16325227,1888,16.96,3.9723E-09,1,one
poor,12.25903527,1889,10.89,3.6003E-09,1,one
little,12.56379227,1890,12.57,3.8984E-09,1,one
thing,12.84733227,1891,12.4,4.0094E-09,2,two
sat,13.14502127,1892,10.41,3.6113E-09,1,one
down,13.46828627,1893,12.59,3.7396E-09,3,three+
and,13.72765427,1894,16.19,4.0461E-09,1,one
cried,13.87483527,1895,8.29,3.9685E-09,5,three+
Come,16.28696427,1896,12.35,3.8684E-09,3,three+
there,16.54529327,1897,14.09,3.8608E-09,2,two
s,16.65188127,1898,15.68,3.7586E-09,1,one
no,17.00025927,1899,13.96,3.6848E-09,1,one
use,17.33454727,1900,13.43,4.0605E-09,2,two
crying,17.69468127,1902,8.84,3.8405E-09,1,one
like,18.20817227,1903,13.87,3.426E-09,1,one
that,18.42677927,1904,15.48,3.7067E-09,8,three+
said,19.08352427,1905,12.77,3.6801E-09,1,one
Alice,19.30694727,1906,8.65,3.4281E-09,2,two
to,19.76597327,1907,16.35,3.7798E-09,1,one
herself,19.90000027,1908,9.88,3.659E-09,3,three+
rather,20.38855827,1909,11.89,0.0059708,1,one
sharply,20.66404327,1910,7.62,0.0056421,6,three+
I,21.80822127,1911,15.79,0.00029872,2,two
advise,21.95540227,1912,9.11,0.014115,1,one
you,22.55711327,1913,15.43,0.0073743,2,two
to,22.68048627,1914,16.35,0.0064716,1,one
leave,22.80385827,1915,11.25,0.0012783,1,one
off,23.05060327,1916,12.65,0.00077542,2,two
this,23.38175627,1917,14.99,0.0068073,1,one
minute,23.77055327,1918,10.3,0.000522,8,three+
She,25.46502127,1919,13.1,0.0019157,2,two
generally,25.67877427,1920,10.82,0.000020332,2,two
gave,26.12352427,1921,10.86,0.0041551,1,one
herself,26.38692627,1922,9.88,0.0011038,2,two
very,26.79400127,1923,13.28,3.2715E-07,1,one
good,27.15318427,1924,13.35,2.4126E-06,2,two
advice,27.34890827,1925,10.7,0.00038811,2,two
though,28.04368927,1926,12.2,0.00025543,1,one
she,28.13459527,1927,13.1,0.0013024,2,two
very,28.35046327,1928,13.28,0.001403,1,one
seldom,28.67372827,1929,8.4,0.0026029,2,two
followed,29.14066727,1930,10.34,0.00052078,1,one
it,29.57962927,1931,15.37,0.00035073,9,three+
and,30.36189227,1932,16.19,0.00087842,1,one
sometimes,30.50952927,1933,11.32,5.4953E-07,2,two
she,31.09223227,1934,13.1,0.00040693,2,two
scolded,31.20863927,1935,5.37,0.0018683,1,one
herself,31.67889927,1936,9.88,0.000092924,2,two
so,32.12189227,1937,14.05,0.00063104,1,one
severely,32.44382327,1938,8.65,0.00037793,2,two
as,33.13957927,1939,14.79,0.0003642,1,one
to,33.30719827,1940,16.35,9.1371E-07,1,one
bring,33.41495327,1941,10.94,1.1351E-06,1,one
tears,33.67835427,1942,9.14,6.3567E-07,2,two
into,34.09880627,1943,13.24,0.0029515,1,one
her,34.31291227,1944,13.3,0.000045524,1,one
eyes,34.54251427,1945,10.97,0.018906,11,three+
she,35.46230027,1946,16.19,4.5943E-06,2,two
once,35.62991927,1947,12.15,7.6942E-07,2,two
remembered,35.98910327,1949,8.81,0.00011415,1,one
trying,36.43209627,1950,11.98,0.010942,1,one
to,36.74338827,1951,16.35,0.0054332,1,one
box,36.82719827,1952,12.05,0.00082046,3,three+
her,37.29413727,1953,13.3,0.00005311,1,one
own,37.40227927,1954,12.56,0.0061392,1,one
ears,37.64134727,1955,9.41,0.0012305,2,two
for,38.03645027,1956,15.42,0.0019421,1,one
having,38.14420527,1957,12.03,0.0006618,1,one
cheated,38.44352427,1958,7.34,1.6558E-07,1,one
herself,38.86029927,1959,9.88,2.3469E-07,2,two
in,39.36028127,1960,15.9,2.9737E-06,1,one
a,39.47716127,1961,16.18,5.7097E-07,1,one
game,39.53304827,1962,12.19,0.000010982,2,two
of,39.81697627,1963,16.21,0.0027787,1,one
croquet,39.95209627,1964,4.53,0.014003,14,three+
she,40.41903527,1965,13.1,0.0039243,2,two
was,40.62257227,1966,14.56,0.010249,1,one
playing,40.81413727,1967,11.2,0.014819,1,one
against,41.15605227,1968,12.06,0.01003,1,one
herself,41.62828627,1969,9.88,0.0029112,7,three+
for,42.80162027,1970,15.42,0.00062071,1,one
this,42.93332027,1971,14.99,0.0024412,1,one
curious,43.19672227,1972,9.92,0.018472,1,one
child,43.73549727,1973,11.08,0.0045138,2,two
was,44.15454527,1974,14.56,0.01205,1,one
fond,44.42991927,1976,8.32,0.0033118,1,one
of,44.78418927,1977,16.21,0.00084257,1,one
pretending,44.92080327,1978,8,0.0094401,1,one
to,45.44760627,1979,16.35,0.000023214,1,one
be,45.53141627,1980,14.95,0.0061237,1,one
two,45.73495327,1981,13.03,0.0014833,1,one
people,45.96243627,1982,13.55,0.0024043,12,three+
But,47.53087127,1983,14.57,0.020582,1,one
it,47.61445627,1984,15.37,0.001202,2,two
s,47.73785527,1985,15.68,0.022689,1,one
no,47.87808227,1986,13.96,0.000065408,1,one
use,48.21969227,1987,13.43,0.0080327,2,two
now,48.56600027,1988,13.3,0.011516,2,two
thought,49.42094927,1989,12.07,0.024271,1,one
poor,49.59019127,1990,10.89,0.013791,1,one
Alice,49.92542927,1991,8.65,0.013357,2,two
to,50.31621827,1992,16.35,0.023075,1,one
pretend,50.44025927,1993,8.89,0.0063992,1,one
to,50.87127927,1994,16.35,0.012684,1,one
be,50.94311627,1995,14.95,0.0010544,1,one
two,51.15862627,1996,13.03,0.00008107,1,one
people,51.42202827,1997,13.55,0.0020488,13,three+
Why,51.84107527,1998,12.8,0.01422,3,three+
there,52.37985127,1999,14.09,8.1166E-07,2,two
s,52.51428327,2000,15.68,4.1324E-07,1,one
hardly,52.65522527,2001,9.98,0.000003505,1,one
enough,53.05558027,2002,12.16,0.0092888,1,one
of,53.42148427,2003,16.21,0.010913,1,one
me,53.64896727,2004,14.08,0.0015577,4,three+
to,53.79717427,2006,16.35,6.9111E-07,1,one
make,53.89024527,2007,13.16,1.8573E-07,1,one
one,54.21168827,2008,14.17,0.015813,1,one
respectable,54.51732527,2009,7.59,0.0016499,1,one
person,55.33114927,2010,12.03,0.014189,8,three+
Soon,0.229476225,2011,11.41,2.0049E-07,2,two
her,0.504358225,2012,13.3,3.5927E-09,1,one
eye,0.658032225,2013,10.62,4.1204E-09,2,two
fell,0.974924225,2014,9.73,3.841E-09,1,one
on,1.266236225,2015,15.08,4.2577E-09,1,one
a,1.441863225,2016,16.18,4.2526E-09,1,one
little,1.515146225,2017,12.57,3.8722E-09,1,one
glass,1.801046225,2018,9.94,3.8089E-09,1,one
box,2.220094225,2019,12.05,3.8785E-09,2,two
that,2.687033225,2020,15.48,3.8494E-09,2,two
was,2.794788225,2021,14.56,3.6713E-09,1,one
lying,2.926489225,2022,9.61,4.1103E-09,1,one
under,3.293501225,2023,12.43,3.9566E-09,1,one
the,3.561046225,2024,16.96,4.1652E-09,1,one
table,3.644856225,2025,10.93,3.7595E-09,12,three+
she,4.698461225,2026,13.1,3.7409E-09,2,two
opened,4.925944225,2027,10.09,3.7198E-09,1,one
it,5.309074225,2028,15.37,3.781E-09,4,three+
and,5.883767225,2029,16.19,3.7223E-09,1,one
found,6.135196225,2030,12.21,3.7565E-09,1,one
in,6.460615225,2031,15.9,3.8021E-09,1,one
it,6.605632225,2032,15.37,3.8249E-09,3,three+
a,6.759306225,2033,16.18,3.6451E-09,1,one
very,6.841591225,2034,13.28,3.8714E-09,1,one
small,7.215196225,2035,11.98,3.9807E-09,2,two
cake,7.643767225,2036,8.74,3.4492E-09,2,two
on,8.613563225,2037,15.08,4.0635E-09,1,one
which,8.733291225,2038,13.8,3.5737E-09,3,three+
the,9.008665225,2039,16.96,4.0778E-09,1,one
words,9.116421225,2040,11.51,3.6041E-09,2,two
eat,9.686169225,2041,10.48,3.662E-09,1,one
me,9.997846225,2042,14.08,3.8667E-09,8,three+
were,10.76866522,2043,13.41,3.6468E-09,1,one
beautifully,11.02009422,2044,7.79,3.7848E-09,2,two
marked,11.58281522,2045,9.64,3.6024E-09,1,one
in,11.93204022,2046,15.9,3.9647E-09,1,one
currants,12.06623522,2047,4.93,3.9051E-09,8,three+
Well,14.03723722,2048,13.22,3.6569E-09,2,two
I,14.85138722,2049,15.79,3.5927E-09,2,two
ll,14.97902622,2050,14.35,3.6945E-09,1,one
eat,15.12676122,2051,8.15,3.5923E-09,1,one
it,15.36356422,2052,15.37,3.7223E-09,2,two
said,15.84512822,2053,12.77,3.4559E-09,1,one
Alice,16.09655722,2054,8.65,3.6451E-09,5,three+
and,16.51640022,2055,16.19,4.1876E-09,1,one
if,16.62895022,2056,14.65,3.64E-09,1,one
it,16.79561122,2057,15.37,4.1019E-09,2,two
makes,16.92267922,2058,11.81,3.7253E-09,1,one
me,17.18608022,2059,14.08,4.0732E-09,2,two
grow,17.35369922,2060,10.12,4.0808E-09,1,one
larger,17.58482322,2061,10.44,3.7038E-09,2,two
I,18.06009422,2062,15.79,3.3622E-09,2,two
can,18.17982222,2063,14.3,4.18E-09,1,one
reach,18.36185322,2064,10.44,3.8781E-09,1,one
the,18.65873322,2065,16.96,4.1226E-09,1,one
key,18.76648922,2066,11.47,4.0419E-09,6,three+
and,19.66444822,2067,16.19,3.8709E-09,1,one
if,19.79822922,2068,14.65,3.7109E-09,1,one
it,19.92784922,2069,15.37,3.67E-09,2,two
makes,20.05955022,2070,11.81,0.000003347,1,one
me,20.31097822,2071,14.08,0.013455,2,two
grow,20.45465222,2072,10.12,0.0020477,1,one
smaller,20.63520822,2073,10.24,0.0036738,1,one
I,21.61601222,2074,15.79,0.00032623,2,two
can,21.75968622,2075,14.3,0.00073166,1,one
creep,21.96322322,2076,7.49,0.012431,1,one
under,22.27451622,2077,12.43,0.010514,1,one
the,22.50199922,2078,16.96,0.0024556,1,one
door,22.60975422,2079,10.89,0.0068207,23,three+
so,23.48376722,2080,14.05,0.012803,1,one
either,23.69927822,2081,12.17,0.0053012,1,one
way,24.01057022,2082,13.1,0.000041854,1,one
I,24.23805322,2083,15.79,0.0031248,2,two
ll,24.29119422,2084,14.35,0.0019469,1,one
get,24.35778122,2085,13.79,0.0051688,1,one
into,24.52312722,2086,13.24,0.008397,1,one
the,24.77682922,2087,16.96,0.000027485,1,one
garden,24.87261122,2088,9.33,0.0014091,6,three+
and,25.60295122,2089,16.19,0.0053387,1,one
I,25.73520622,2090,15.79,0.000010667,2,two
do,25.88671622,2091,14.12,0.001016,1,one
care,26.04594422,2093,11.56,0.0024691,1,one
which,26.27342722,2094,13.8,0.00512,2,two
happens,26.52874722,2095,10.77,6.7946E-07,9,three+
She,28.09329122,2096,13.1,0.00024601,2,two
ate,28.36866522,2097,8.86,0.00007012,1,one
a,28.62009422,2098,16.18,0.0042073,1,one
little,28.73304122,2099,12.57,0.00079531,1,one
bit,29.23070622,2100,11.98,0.000141,3,three+
and,30.29628522,2101,16.19,0.0027095,1,one
said,30.38440322,2102,12.77,0.0009298,1,one
anxiously,30.59651722,2103,6.62,5.2692E-07,2,two
to,31.20621622,2104,16.35,0.0046157,1,one
herself,31.35759122,2105,9.88,0.0047627,2,two
Which,32.59506022,2106,13.8,0.013458,1,one
way,32.88134922,2107,13.1,0.0010508,2,two
Which,33.90446822,2108,13.8,0.022805,1,one
way,34.20039122,2109,13.1,0.0011516,3,three+
holding,35.41247022,2110,10.1,0.000048766,1,one
her,35.71116122,2111,13.3,2.3548E-06,1,one
hand,35.81574022,2112,11.73,0.00032324,2,two
on,36.16272222,2113,15.08,0.00020562,1,one
the,36.28267922,2114,16.96,0.0034166,1,one
top,36.35451622,2115,11.67,0.004078,2,two
of,36.64186322,2116,16.21,0.000060619,1,one
her,36.71369922,2117,13.3,0.000013588,1,one
head,36.85737322,2118,11.6,0.0013195,1,one
to,37.14472022,2119,16.35,0.0013655,1,one
feel,37.28839322,2120,12,0.00002745,1,one
which,37.62363122,2121,13.8,0.0045309,1,one
way,37.84378222,2122,13.1,0.010273,2,two
it,38.04267922,2123,15.37,0.0016002,2,two
was,38.19832522,2124,14.56,0.00054016,1,one
growing,38.36594422,2125,10.39,2.7108E-07,21,three+
and,39.52730522,2126,16.19,8.5563E-07,1,one
she,39.62012722,2127,13.1,0.00051025,2,two
was,39.79070622,2128,14.56,0.0036812,1,one
quite,39.97029822,2129,11.95,0.015565,1,one
surprised,40.22183822,2130,10.02,0.000054227,1,one
to,40.96404022,2131,16.35,0.010325,1,one
find,41.03587622,2132,12.84,0.0068814,1,one
that,41.34246222,2133,15.48,0.014738,1,one
she,41.45492422,2134,13.1,0.014391,2,two
remained,41.64648922,2135,8.95,0.0030824,1,one
the,42.05356322,2136,16.96,9.2633E-07,1,one
same,42.12540022,2137,12.9,9.2439E-07,1,one
size,42.44866522,2138,11.58,0.00017494,12,three+
to,43.71778122,2139,16.35,0.00011633,1,one
be,43.87342722,2140,14.95,0.0049137,1,one
sure,43.99315522,2141,12.47,0.00053262,5,three+
this,44.34292322,2142,14.99,0.014671,2,two
generally,44.65165922,2145,10.82,0.0026976,2,two
happens,45.22635322,2146,10.77,0.00070812,1,one
when,45.67792422,2147,13.76,0.0032211,2,two
one,45.89682922,2148,14.17,0.0019842,2,two
eats,46.06444822,2149,8.15,0.00002473,1,one
cake,46.32784922,2150,8.74,5.4238E-06,7,three+